Review_ID,Sentiment
241096,0
397912,0
323390,0
365977,0
321051,0
231055,0
260796,0
283486,0
40593,0
110897,0
47602,0
69042,0
59893,0
398754,0
196773,0
87923,0
82273,0
300683,0
338993,0
351437,0
63696,0
119628,0
33033,0
20267,0
259032,0
133702,0
57398,0
401363,0
282733,0
336792,0
69623,0
35404,0
354927,0
214539,0
151045,0
252221,0
302516,0
111756,0
148710,0
19406,0
211595,0
398181,0
160327,0
328736,0
220889,0
76927,0
201629,0
357475,0
253669,0
31948,0
100675,0
102132,0
356604,0
99824,0
254142,0
303098,0
345928,0
61624,0
142393,0
352152,0
176271,0
303582,0
36090,0
44785,0
42465,0
343641,0
146512,0
295913,0
205879,0
161847,0
184553,0
358713,0
5493,0
406911,0
59167,0
194872,0
133786,0
133119,0
223044,0
71729,0
21805,0
323750,0
35714,0
83850,0
409605,0
117768,0
158758,0
84118,0
75615,0
35978,0
328923,0
297318,0
230898,0
347639,0
198105,0
276841,0
80579,0
50823,0
137440,0
290000,0
397916,0
344686,0
58368,0
342438,0
118542,0
289408,0
123327,0
133219,0
288618,0
179903,0
95151,0
282507,0
100697,0
185973,0
343313,0
226033,0
196286,0
312336,0
109808,0
230620,0
136497,0
239290,0
130817,0
287294,0
62822,0
240537,0
62368,0
313544,0
354418,0
298781,0
120758,0
379114,0
227748,0
27664,0
237058,0
38121,0
100174,0
83600,0
379246,0
169251,0
136755,0
284589,0
41805,0
25930,0
145654,0
245780,0
233975,0
391576,0
22339,0
382617,0
229611,0
35562,0
18444,0
347432,0
348963,0
287788,0
146240,0
43768,0
84569,0
297052,0
134451,0
130690,0
57700,0
362628,0
347197,0
201051,0
193418,0
400351,0
363138,0
240746,0
137889,0
221505,0
255837,0
344483,0
359836,0
24403,0
398094,0
118938,0
267099,0
360431,0
237718,0
340026,0
37387,0
65640,0
223031,0
366302,0
324379,0
83808,0
108342,0
231902,0
67646,0
111116,0
348363,0
177320,0
65204,0
397513,0
319461,0
78922,0
142719,0
219946,0
259347,0
122420,0
263976,0
239761,0
132728,0
354347,0
44804,0
363511,0
346605,0
170909,0
231910,0
332295,0
224461,0
283269,0
130706,0
16255,0
93222,0
364526,0
30489,0
83689,0
250723,0
59276,0
26583,0
54932,0
20607,0
75409,0
114160,0
405875,0
178549,0
231812,0
206578,0
68777,0
6789,0
274881,0
179391,0
270201,0
284883,0
359729,0
107720,0
39903,0
285614,0
89623,0
101600,0
398206,0
267481,0
323885,0
41213,0
20240,0
14455,0
125390,0
22309,0
286559,0
172913,0
136032,0
371723,0
36271,0
118363,0
340046,0
408568,0
405432,0
204146,0
228596,0
39483,0
121821,0
302257,0
200857,0
128236,0
173780,0
233576,0
36522,0
164149,0
77667,0
151402,0
358681,0
35215,0
17971,0
192630,0
286776,0
230486,0
160062,0
44297,0
318907,0
109714,0
174415,0
145946,0
383635,0
75927,0
193612,0
163511,0
302016,0
335395,0
167159,0
64719,0
391945,0
167473,0
235526,0
258547,0
169172,0
387789,0
153843,0
330329,0
189924,0
183744,0
313880,0
7697,0
122492,0
265943,0
261931,0
10130,0
58787,0
32138,0
2255,0
319079,0
3110,0
325095,0
366626,0
23,0
51411,0
218277,0
338226,0
62231,0
121907,0
328951,0
116992,0
32503,0
214826,0
145985,0
30674,0
406181,0
72602,0
48886,0
260298,0
239803,0
73542,0
301085,0
154025,0
32208,0
399520,0
14520,0
323918,0
375970,0
320948,0
271337,0
277280,0
137372,0
275299,0
247796,0
139489,0
311914,0
191900,0
51737,0
249552,0
134406,0
405165,0
52864,0
1379,0
132584,0
351368,0
165823,0
229082,0
379046,0
317074,0
226320,0
379451,0
321046,0
243509,0
77279,0
407350,0
348984,0
130379,0
51045,0
402001,0
180139,0
231984,0
343909,0
240474,0
140023,0
16061,0
7411,0
388105,0
357368,0
394574,0
377056,0
215016,0
153483,0
367683,0
209523,0
319378,0
64830,0
318626,0
143406,0
130168,0
21487,0
157876,0
224587,0
171691,0
229149,0
20307,0
283948,0
170832,0
276150,0
392315,0
139359,0
368312,0
159978,0
45481,0
168661,0
211458,0
295762,0
307693,0
162723,0
19489,0
48312,0
223764,0
297945,0
184075,0
73517,0
119959,0
364459,0
332337,0
66976,0
75832,0
196489,0
34603,0
77124,0
254425,0
271313,0
122563,0
151638,0
167773,0
327517,0
320166,0
377295,0
28047,0
60607,0
88820,0
391468,0
1605,0
239530,0
186240,0
39627,0
162660,0
267613,0
84831,0
224349,0
183912,0
125638,0
80929,0
264712,0
296081,0
130398,0
236808,0
70176,0
92417,0
1047,0
407099,0
34405,0
310421,0
216698,0
266727,0
76539,0
189838,0
261510,0
70543,0
112175,0
26358,0
252144,0
62345,0
149972,0
183012,0
102517,0
122254,0
261267,0
384641,0
5922,0
95817,0
34280,0
15242,0
73521,0
64476,0
362026,0
269159,0
306900,0
149525,0
129713,0
56770,0
6788,0
268838,0
51401,0
57405,0
122293,0
407774,0
369065,0
136155,0
179716,0
290824,0
18016,0
141848,0
64341,0
150618,0
90898,0
128827,0
355519,0
125436,0
134798,0
123733,0
220758,0
2743,0
49373,0
8731,0
279154,0
380248,0
225017,0
362666,0
17883,0
200820,0
344797,0
383688,0
15438,0
338577,0
131971,0
275026,0
329269,0
385597,0
41723,0
111653,0
333003,0
375113,0
156931,0
405714,0
319413,0
124548,0
8536,0
391687,0
375927,0
210575,0
69102,0
249464,0
303552,0
233386,0
154907,0
113118,0
333278,0
117029,0
141475,0
146632,0
84775,0
353973,0
344888,0
400164,0
170879,0
325535,0
35637,0
37441,0
303978,0
249899,0
269440,0
20554,0
174063,0
288316,0
88807,0
94512,0
403655,0
137929,0
148191,0
273250,0
268542,0
327875,0
66480,0
239343,0
157698,0
147324,0
304921,0
394255,0
401584,0
118534,0
233318,0
97786,0
64911,0
140931,0
121202,0
393685,0
47469,0
225992,0
62888,0
26813,0
291605,0
302322,0
78,0
254621,0
193027,0
399581,0
287114,0
98881,0
63672,0
38979,0
320061,0
148602,0
390082,0
107803,0
286061,0
151262,0
315566,0
399075,0
146319,0
38316,0
274028,0
65316,0
145750,0
140440,0
330197,0
373178,0
80508,0
389444,0
111150,0
219835,0
157857,0
9474,0
287358,0
86597,0
238100,0
163861,0
309210,0
391903,0
386316,0
105193,0
273712,0
333602,0
204139,0
405803,0
230655,0
276410,0
383155,0
105843,0
260847,0
211927,0
102879,0
52,0
110736,0
367047,0
389058,0
56579,0
47837,0
94890,0
261269,0
335917,0
295912,0
327887,0
227519,0
324639,0
411549,0
170301,0
352687,0
77972,0
395691,0
153853,0
347052,0
389144,0
89900,0
293113,0
196195,0
143636,0
399834,0
198262,0
40029,0
380784,0
31903,0
28608,0
134095,0
919,0
66156,0
70112,0
177793,0
196094,0
20220,0
387448,0
212814,0
225675,0
197498,0
373852,0
18562,0
279830,0
232913,0
46794,0
144062,0
383157,0
13121,0
188665,0
106868,0
394761,0
340225,0
291551,0
167894,0
30423,0
314407,0
314342,0
169218,0
3666,0
83219,0
36919,0
350001,0
295969,0
226604,0
160334,0
272091,0
293632,0
313911,0
181787,0
217960,0
9309,0
77380,0
313751,0
286018,0
88372,0
13014,0
129825,0
272795,0
211689,0
50671,0
332045,0
98661,0
224098,0
341827,0
116323,0
84932,0
110530,0
347391,0
145988,0
123036,0
214431,0
331048,0
42887,0
199838,0
87868,0
374822,0
241472,0
197721,0
132274,0
58409,0
144957,0
380210,0
172270,0
338066,0
343154,0
250581,0
18139,0
8627,0
247058,0
218843,0
4365,0
256144,0
39964,0
211181,0
291499,0
408857,0
310212,0
124884,0
106975,0
335604,0
313076,0
312820,0
175379,0
30966,0
264032,0
394078,0
380004,0
100689,0
157763,0
141973,0
51944,0
275905,0
168306,0
117168,0
206311,0
281784,0
136343,0
125359,0
214608,0
72041,0
310194,0
125639,0
179363,0
84713,0
180649,0
294832,0
323942,0
407873,0
256532,0
277368,0
203087,0
269299,0
388670,0
64571,0
227290,0
96369,0
270500,0
120097,0
324038,0
81823,0
126711,0
323717,0
283549,0
66008,0
220850,0
332125,0
93871,0
366404,0
125266,0
328080,0
249595,0
184922,0
34859,0
350557,0
332915,0
372613,0
260446,0
278852,0
315613,0
388664,0
125183,0
220844,0
56414,0
24,0
398385,0
221512,0
78257,0
75917,0
316056,0
239534,0
197122,0
270475,0
13190,0
138203,0
366541,0
270937,0
327935,0
323632,0
88231,0
283031,0
365852,0
175128,0
386997,0
301987,0
232772,0
321897,0
194042,0
137792,0
131146,0
52286,0
105917,0
332453,0
103120,0
341386,0
51498,0
83865,0
66105,0
157098,0
323080,0
198460,0
399962,0
268621,0
290671,0
275494,0
301782,0
19344,0
4017,0
212516,0
52688,0
35315,0
231690,0
65951,0
369676,0
234810,0
35143,0
49494,0
116591,0
175978,0
270922,0
240411,0
154950,0
263426,0
70514,0
307970,0
410611,0
259860,0
148992,0
382621,0
181115,0
63493,0
262599,0
374737,0
376008,0
364211,0
114959,0
265311,0
74431,0
258340,0
280017,0
398213,0
14762,0
369580,0
393088,0
348793,0
89616,0
238235,0
365983,0
164935,0
80440,0
3095,0
409324,0
35011,0
163713,0
223499,0
379459,0
22125,0
220611,0
18711,0
88522,0
227311,0
254407,0
78043,0
166284,0
262097,0
280896,0
37965,0
242384,0
145014,0
252789,0
291879,0
286196,0
372717,0
28226,0
167665,0
265000,0
73020,0
344398,0
2063,0
161131,0
49608,0
88705,0
279193,0
357247,0
91318,0
353692,0
287672,0
380023,0
55157,0
64194,0
107076,0
191990,0
113781,0
117712,0
225302,0
362478,0
57291,0
156316,0
85588,0
157019,0
36430,0
137283,0
18830,0
389114,0
130456,0
72680,0
39184,0
46509,0
137617,0
365300,0
373255,0
12735,0
156846,0
145696,0
89968,0
245371,0
214832,0
369901,0
332313,0
76642,0
292573,0
167546,0
321044,0
318371,0
257720,0
241443,0
263218,0
172052,0
152338,0
197113,0
289621,0
128364,0
260184,0
4466,0
237877,0
291082,0
138046,0
76476,0
174032,0
49471,0
211647,0
83451,0
115503,0
169745,0
102632,0
309139,0
120214,0
34234,0
128818,0
318995,0
59275,0
74098,0
319020,0
411353,0
302109,0
15535,0
230497,0
280518,0
263847,0
88696,0
164792,0
359473,0
341305,0
205115,0
17669,0
183257,0
211852,0
173359,0
262294,0
141172,0
64072,0
62433,0
317509,0
34634,0
340569,0
214465,0
96330,0
146536,0
235293,0
49564,0
212838,0
394240,0
398460,0
164957,0
391579,0
217132,0
248865,0
343474,0
379799,0
16396,0
176746,0
406744,0
163104,0
46519,0
47934,0
168734,0
327323,0
69131,0
346460,0
225199,0
268149,0
102767,0
276448,0
354629,0
182026,0
408404,0
319011,0
172569,0
62682,0
95117,0
10493,0
154740,0
386322,0
287281,0
368851,0
258825,0
403937,0
339359,0
252196,0
12607,0
224679,0
89830,0
165005,0
167505,0
362521,0
133830,0
28784,0
309294,0
336639,0
384122,0
20078,0
363369,0
148288,0
364862,0
102317,0
304241,0
159796,0
105152,0
60308,0
367600,0
259220,0
204702,0
132006,0
251817,0
360145,0
68746,0
409405,0
355232,0
377171,0
400879,0
394370,0
354243,0
155307,0
227245,0
399535,0
313476,0
214383,0
362374,0
245827,0
297996,0
258923,0
372324,0
76217,0
268917,0
19501,0
199870,0
84611,0
344954,0
102849,0
411401,0
202677,0
104735,0
152469,0
253216,0
407278,0
215523,0
235518,0
225997,0
410544,0
244992,0
220907,0
348204,0
408496,0
11582,0
253613,0
158544,0
154271,0
344080,0
176216,0
127926,0
152796,0
268186,0
10414,0
341169,0
302529,0
283200,0
168750,0
261612,0
278013,0
223973,0
195249,0
111276,0
376860,0
347655,0
1197,0
27538,0
67426,0
290085,0
360578,0
363455,0
130369,0
225745,0
166366,0
56177,0
336285,0
353277,0
115757,0
203553,0
60931,0
219615,0
237254,0
3382,0
243845,0
372106,0
339952,0
60772,0
409263,0
66451,0
20114,0
52867,0
35431,0
307029,0
93012,0
408541,0
117242,0
211527,0
360792,0
372553,0
393223,0
136697,0
19896,0
285823,0
68627,0
370529,0
75386,0
122664,0
219850,0
170107,0
728,0
231488,0
168129,0
174605,0
358741,0
142588,0
406349,0
225878,0
82845,0
178555,0
113974,0
384560,0
112399,0
273161,0
237235,0
341863,0
241594,0
114856,0
342024,0
242365,0
342530,0
206121,0
113952,0
248935,0
30893,0
273012,0
272658,0
130746,0
316731,0
123563,0
293782,0
88735,0
332247,0
170051,0
117177,0
397726,0
233696,0
142325,0
183035,0
217729,0
35665,0
54767,0
167695,0
196285,0
73062,0
155176,0
269579,0
302861,0
270218,0
342162,0
107790,0
374750,0
135135,0
98415,0
363594,0
353055,0
377283,0
283234,0
384112,0
133667,0
169871,0
257453,0
137485,0
156996,0
262107,0
208909,0
331993,0
379036,0
134471,0
247941,0
117924,0
328360,0
222859,0
222561,0
159468,0
399213,0
328408,0
31773,0
32748,0
224790,0
407713,0
359737,0
355470,0
336413,0
173600,0
278534,0
348970,0
391532,0
52969,0
231491,0
368324,0
121587,0
283566,0
279178,0
233336,0
343389,0
130621,0
116476,0
313609,0
176960,0
62143,0
339588,0
164748,0
193798,0
72478,0
33605,0
386067,0
339681,0
237274,0
65254,0
234768,0
96243,0
304609,0
28974,0
349354,0
750,0
323373,0
56854,0
405946,0
153806,0
204766,0
24701,0
277565,0
84806,0
33881,0
220030,0
204573,0
380514,0
334429,0
4109,0
399492,0
19201,0
178443,0
216654,0
348551,0
113593,0
13800,0
268326,0
100526,0
213108,0
156468,0
326278,0
65192,0
326364,0
269968,0
255256,0
108724,0
154935,0
157504,0
19910,0
223013,0
227265,0
270241,0
397603,0
115143,0
166745,0
5569,0
390570,0
110480,0
369532,0
110940,0
381566,0
105142,0
116821,0
188740,0
372924,0
39983,0
211109,0
156161,0
284820,0
153310,0
344644,0
140289,0
73242,0
248977,0
213657,0
211741,0
6830,0
70439,0
271952,0
170354,0
35797,0
155174,0
323823,0
24020,0
73630,0
205540,0
19303,0
43616,0
65601,0
94017,0
366555,0
15592,0
256274,0
380597,0
242415,0
228283,0
69809,0
193302,0
238733,0
364911,0
196069,0
225223,0
378637,0
177107,0
153220,0
304660,0
294899,0
227191,0
243828,0
329400,0
369127,0
277075,0
137565,0
231937,0
405110,0
174508,0
165944,0
88483,0
217952,0
133999,0
116602,0
112190,0
158393,0
326542,0
171187,0
131725,0
68152,0
87658,0
257250,0
325433,0
149499,0
106387,0
290449,0
403543,0
243921,0
10767,0
180946,0
317178,0
171064,0
407562,0
225487,0
210370,0
138926,0
204873,0
284839,0
372706,0
58279,0
46936,0
222573,0
405286,0
95309,0
108351,0
358890,0
352831,0
19431,0
83338,0
359414,0
93811,0
37172,0
285783,0
368432,0
317320,0
322404,0
316440,0
396566,0
35009,0
311406,0
404821,0
14150,0
266283,0
137058,0
278503,0
115446,0
65851,0
12825,0
299672,0
345057,0
115674,0
86150,0
70919,0
271450,0
79356,0
385927,0
141571,0
169835,0
250155,0
307943,0
286218,0
368117,0
319316,0
213274,0
352424,0
335713,0
85951,0
274777,0
140944,0
200397,0
137828,0
246019,0
130142,0
219115,0
342264,0
382082,0
194062,0
27591,0
280533,0
125442,0
409901,0
210086,0
408413,0
18552,0
83663,0
2094,0
75540,0
232547,0
172666,0
117413,0
236682,0
18396,0
235615,0
400389,0
390556,0
64378,0
259248,0
408729,0
108021,0
266878,0
41317,0
196573,0
16454,0
44502,0
139404,0
204388,0
288181,0
76296,0
164479,0
289909,0
235984,0
188153,0
195064,0
338759,0
11576,0
4749,0
290899,0
78086,0
319107,0
287588,0
3852,0
264415,0
209969,0
20194,0
152892,0
267318,0
388207,0
99930,0
338751,0
17199,0
367753,0
226264,0
57187,0
53289,0
119317,0
83246,0
101923,0
154910,0
80849,0
276879,0
93108,0
63162,0
358800,0
231542,0
355236,0
155175,0
112100,0
73987,0
344729,0
311506,0
92516,0
92932,0
367691,0
409292,0
145787,0
231255,0
267825,0
21075,0
237516,0
75613,0
279124,0
264791,0
301436,0
71580,0
36413,0
367653,0
101707,0
353147,0
27095,0
136842,0
340832,0
203273,0
216545,0
245732,0
157817,0
316802,0
18005,0
255651,0
369930,0
10403,0
258149,0
138200,0
279571,0
167456,0
109732,0
136715,0
241383,0
147337,0
347373,0
266029,0
27927,0
321766,0
392320,0
256850,0
109929,0
333822,0
247015,0
66083,0
239974,0
29784,0
198739,0
159261,0
346239,0
190194,0
43492,0
120689,0
199861,0
93585,0
341308,0
386155,0
55628,0
49958,0
305109,0
214672,0
243281,0
87162,0
202810,0
310191,0
333881,0
97557,0
320979,0
178372,0
248831,0
329612,0
216157,0
364217,0
271048,0
98972,0
203772,0
223102,0
43630,0
43053,0
224023,0
392125,0
410195,0
11333,0
254920,0
188536,0
341869,0
65077,0
130103,0
39711,0
94426,0
185571,0
190041,0
215290,0
138991,0
244636,0
26998,0
393835,0
130531,0
377583,0
40378,0
301141,0
173586,0
355864,0
280192,0
327680,0
193087,0
294778,0
388825,0
332751,0
160352,0
1265,0
145743,0
141267,0
297523,0
93157,0
48121,0
164912,0
389611,0
42317,0
6945,0
121097,0
159917,0
84769,0
287313,0
219045,0
28152,0
305459,0
158888,0
149207,0
330170,0
51264,0
157598,0
51564,0
315739,0
63920,0
243548,0
128243,0
135870,0
337563,0
336606,0
276518,0
75610,0
111544,0
274479,0
298324,0
22217,0
337770,0
179587,0
207090,0
156754,0
23884,0
377791,0
309616,0
10214,0
363858,0
315453,0
141934,0
167416,0
201090,0
339741,0
118855,0
100326,0
257456,0
73274,0
386719,0
285509,0
316008,0
396724,0
298794,0
123624,0
101880,0
398247,0
246179,0
16779,0
284432,0
381226,0
154158,0
235228,0
5621,0
304070,0
217167,0
46530,0
316796,0
242276,0
206109,0
206180,0
76169,0
138560,0
381370,0
201787,0
239407,0
388151,0
1487,0
404428,0
54883,0
9129,0
121491,0
250590,0
35331,0
72010,0
343373,0
84385,0
121745,0
253596,0
132797,0
98112,0
402009,0
284202,0
130704,0
58776,0
70422,0
318938,0
216701,0
268426,0
118085,0
284701,0
359763,0
287438,0
29244,0
136718,0
158766,0
282423,0
279949,0
177042,0
384583,0
103336,0
42974,0
152273,0
27133,0
75824,0
15081,0
318703,0
298249,0
166846,0
317993,0
108067,0
294661,0
155365,0
366560,0
296320,0
153947,0
174069,0
208057,0
289883,0
305500,0
44132,0
411578,0
216331,0
79924,0
314730,0
47250,0
340566,0
112691,0
333778,0
33285,0
409635,0
300434,0
67647,0
308849,0
38731,0
270756,0
10069,0
256687,0
334133,0
292466,0
318871,0
346290,0
266488,0
366886,0
231297,0
176867,0
5614,0
364904,0
83813,0
389063,0
292790,0
202961,0
323475,0
356935,0
341791,0
129655,0
295101,0
340157,0
54984,0
34809,0
272103,0
304667,0
184033,0
207511,0
9955,0
135015,0
35783,0
236625,0
349547,0
276971,0
272187,0
270209,0
236807,0
276818,0
168027,0
164799,0
203688,0
192462,0
123249,0
178810,0
29866,0
343833,0
267571,0
378707,0
73121,0
365399,0
80891,0
304023,0
108324,0
105780,0
199352,0
173186,0
292398,0
331265,0
411730,0
339785,0
107786,0
129928,0
18694,0
340317,0
12373,0
400088,0
147767,0
340453,0
24271,0
98436,0
259766,0
99213,0
54733,0
360084,0
143071,0
86163,0
242106,0
349630,0
281897,0
188882,0
120797,0
406113,0
368211,0
378920,0
293242,0
368843,0
1246,0
358381,0
411133,0
255453,0
327035,0
126084,0
220993,0
240434,0
263974,0
285622,0
31475,0
287727,0
144904,0
70461,0
1159,0
275184,0
21375,0
189808,0
292319,0
19713,0
166975,0
161776,0
393616,0
387255,0
232977,0
103899,0
172604,0
275088,0
130338,0
114816,0
168403,0
156306,0
295035,0
157997,0
201533,0
251879,0
288844,0
40623,0
15308,0
133848,0
76542,0
7084,0
65896,0
235896,0
106518,0
130537,0
214322,0
256950,0
337195,0
149980,0
54610,0
68743,0
356386,0
71297,0
180334,0
82952,0
99266,0
217090,0
236777,0
100611,0
253391,0
124815,0
174245,0
165074,0
4023,0
354339,0
76026,0
66612,0
249275,0
359302,0
6499,0
43975,0
330916,0
341910,0
370089,0
359565,0
312731,0
97312,0
301925,0
149058,0
386991,0
284268,0
282465,0
177366,0
368092,0
365068,0
196733,0
130189,0
407490,0
242264,0
178324,0
16304,0
389812,0
189916,0
270826,0
258164,0
81212,0
51832,0
22155,0
221810,0
279788,0
195776,0
200108,0
322931,0
216897,0
271401,0
60114,0
366928,0
281382,0
407368,0
121103,0
98247,0
74532,0
91617,0
105026,0
54173,0
135188,0
235343,0
23462,0
85396,0
226387,0
238847,0
308027,0
254730,0
195754,0
374764,0
191506,0
157060,0
302036,0
58256,0
383900,0
98023,0
97041,0
218250,0
289000,0
334673,0
197774,0
320554,0
239836,0
87270,0
288201,0
206618,0
93507,0
167654,0
32984,0
294114,0
227496,0
295530,0
293985,0
168782,0
322613,0
315222,0
329884,0
301623,0
400095,0
128992,0
114095,0
271670,0
38308,0
5855,0
191640,0
372033,0
153128,0
280859,0
142550,0
290105,0
155530,0
61907,0
201495,0
32607,0
276619,0
355634,0
83804,0
116483,0
360877,0
337320,0
146970,0
231615,0
260355,0
405911,0
100438,0
384420,0
308710,0
131542,0
300725,0
375398,0
201626,0
7140,0
186247,0
284041,0
297060,0
12848,0
240513,0
70351,0
7073,0
376134,0
327746,0
107643,0
275309,0
322510,0
29925,0
76847,0
19465,0
134914,0
368328,0
387281,0
368423,0
43179,0
346937,0
235807,0
115429,0
268937,0
81245,0
362871,0
274876,0
43779,0
338910,0
88946,0
336294,0
218986,0
222968,0
376414,0
23987,0
372292,0
242386,0
272363,0
264963,0
266202,0
303243,0
255993,0
9829,0
365085,0
189021,0
350263,0
170257,0
28224,0
200220,0
209959,0
294639,0
406308,0
38164,0
209802,0
374653,0
266557,0
131993,0
211601,0
70937,0
168877,0
51629,0
231942,0
219590,0
16302,0
215644,0
18625,0
263907,0
200747,0
115600,0
23624,0
324643,0
216081,0
289877,0
88608,0
404646,0
97412,0
407608,0
81809,0
157652,0
392208,0
133247,0
104189,0
223658,0
378077,0
354044,0
300218,0
275684,0
139791,0
68142,0
348990,0
341389,0
53447,0
308896,0
405135,0
376805,0
25444,0
43341,0
283320,0
234455,0
326068,0
403464,0
404510,0
257679,0
153380,0
386166,0
268620,0
52439,0
266822,0
217800,0
249135,0
135244,0
205963,0
270794,0
167627,0
339727,0
145704,0
84704,0
87777,0
220703,0
83984,0
79810,0
211392,0
200685,0
14249,0
2024,0
35958,0
13322,0
307578,0
4064,0
96510,0
228271,0
70913,0
271531,0
326556,0
94215,0
115861,0
406697,0
279641,0
289805,0
219609,0
294102,0
375541,0
114035,0
379917,0
102645,0
410039,0
51430,0
27208,0
129819,0
289447,0
151901,0
276524,0
54472,0
370083,0
304190,0
169612,0
187045,0
257754,0
214010,0
323707,0
269205,0
154458,0
326159,0
366121,0
329647,0
511,0
338458,0
267968,0
273828,0
142941,0
113916,0
37377,0
225013,0
196931,0
171651,0
181073,0
215679,0
155106,0
143398,0
221080,0
318904,0
303810,0
229483,0
105771,0
224120,0
135495,0
110885,0
202056,0
193683,0
385131,0
301514,0
59313,0
397137,0
314555,0
307648,0
218309,0
297901,0
195410,0
53221,0
253772,0
77550,0
238801,0
221901,0
52793,0
66012,0
329463,0
214055,0
222429,0
323479,0
370641,0
67488,0
85867,0
408386,0
369056,0
279850,0
134085,0
58920,0
271749,0
321776,0
152303,0
258304,0
403318,0
248773,0
196255,0
20828,0
130153,0
22360,0
164267,0
165138,0
7532,0
76131,0
159166,0
91983,0
410864,0
405983,0
155076,0
235566,0
232325,0
36115,0
249349,0
305148,0
160432,0
229669,0
6923,0
391412,0
264883,0
98857,0
380463,0
335393,0
311619,0
157239,0
321421,0
250364,0
123198,0
240892,0
144905,0
17242,0
359216,0
193825,0
334285,0
289508,0
272910,0
91175,0
125172,0
200703,0
408067,0
411988,0
156855,0
403553,0
169637,0
49305,0
275845,0
322784,0
389427,0
372542,0
398548,0
358027,0
393413,0
189680,0
403366,0
167169,0
106449,0
132898,0
366710,0
345987,0
114783,0
259326,0
255736,0
348049,0
86392,0
322218,0
225554,0
267392,0
100973,0
183521,0
359409,0
3397,0
232457,0
320011,0
64033,0
26449,0
46021,0
410222,0
145723,0
230376,0
15043,0
208787,0
255935,0
73725,0
57860,0
159977,0
236317,0
157487,0
102414,0
202738,0
295403,0
110291,0
24926,0
12937,0
332524,0
169443,0
109665,0
386012,0
319698,0
201802,0
175242,0
252586,0
152750,0
409387,0
62818,0
387646,0
212484,0
168469,0
70819,0
287459,0
6429,0
272434,0
291613,0
146630,0
349720,0
201144,0
1647,0
15815,0
252858,0
202018,0
24276,0
301170,0
394749,0
51317,0
295785,0
379532,0
99115,0
331896,0
31709,0
404002,0
139277,0
319951,0
405700,0
202428,0
160162,0
50178,0
164801,0
34856,0
214373,0
76291,0
303461,0
318497,0
272151,0
12777,0
340113,0
195120,0
237533,0
130424,0
145152,0
365906,0
255539,0
106350,0
302443,0
145232,0
93849,0
27606,0
322384,0
370146,0
223657,0
20861,0
207555,0
326074,0
283950,0
221454,0
275303,0
167338,0
146471,0
315176,0
267314,0
94325,0
317100,0
384596,0
85987,0
147460,0
390056,0
122195,0
171526,0
164736,0
56023,0
61612,0
393033,0
20274,0
257940,0
145394,0
32978,0
380724,0
84334,0
182607,0
215385,0
14606,0
365878,0
391919,0
397099,0
11274,0
304325,0
362474,0
402781,0
51938,0
399605,0
171125,0
44607,0
336075,0
25453,0
181043,0
154968,0
344917,0
181175,0
20776,0
213464,0
41603,0
51189,0
112314,0
215866,0
400168,0
364291,0
367880,0
298119,0
296786,0
1113,0
383117,0
38149,0
158177,0
276631,0
217573,0
234034,0
134006,0
149196,0
168807,0
138092,0
17908,0
255279,0
248341,0
394336,0
67078,0
268139,0
84115,0
212945,0
61784,0
249984,0
287303,0
233335,0
390942,0
48695,0
124776,0
24877,0
50113,0
212105,0
217134,0
133457,0
117948,0
9533,0
57628,0
150920,0
282944,0
216910,0
130911,0
409046,0
33494,0
297011,0
11013,0
134161,0
357152,0
74853,0
258613,0
284424,0
320019,0
237242,0
120773,0
248607,0
120938,0
223494,0
133283,0
388290,0
263502,0
82032,0
54048,0
34310,0
366788,0
218789,0
54434,0
232723,0
202008,0
254688,0
166294,0
200996,0
366721,0
298975,0
325623,0
37417,0
117013,0
177295,0
262468,0
317666,0
368567,0
26303,0
360876,0
315760,0
303087,0
387497,0
7629,0
180301,0
108191,0
408590,0
129108,0
162061,0
331377,0
51501,0
381211,0
405866,0
156896,0
241212,0
300088,0
101800,0
263914,0
241985,0
141432,0
232942,0
174536,0
364675,0
410907,0
48770,0
197905,0
103020,0
318427,0
277080,0
282389,0
178432,0
5552,0
214011,0
48657,0
108453,0
311342,0
148601,0
34687,0
133135,0
286227,0
332534,0
331338,0
28632,0
207583,0
239627,0
153180,0
685,0
400658,0
149383,0
36731,0
131764,0
48357,0
18258,0
348451,0
46531,0
137308,0
103082,0
390744,0
63220,0
183675,0
189644,0
99698,0
78746,0
29098,0
118556,0
135567,0
50199,0
56948,0
342509,0
60522,0
397830,0
90861,0
400834,0
94033,0
33632,0
271892,0
262140,0
337887,0
252281,0
152809,0
259291,0
233651,0
103945,0
164695,0
342070,0
74340,0
285831,0
90221,0
3401,0
138131,0
85500,0
337726,0
32290,0
285473,0
389859,0
219008,0
178193,0
298099,0
35915,0
307771,0
134754,0
40816,0
80044,0
95329,0
69901,0
365043,0
319659,0
289818,0
66325,0
82328,0
48532,0
159598,0
95591,0
289124,0
222504,0
408827,0
104095,0
338387,0
162578,0
138677,0
41115,0
243963,0
170585,0
143050,0
88096,0
357011,0
15445,0
375676,0
400071,0
331874,0
264235,0
314233,0
349557,0
63899,0
236507,0
163725,0
28723,0
45648,0
255316,0
236004,0
90632,0
138413,0
32824,0
388944,0
329378,0
109119,0
3199,0
106344,0
309292,0
351024,0
41175,0
191153,0
45125,0
166685,0
178894,0
206848,0
403101,0
98580,0
8141,0
311792,0
10187,0
80307,0
72398,0
252821,0
40404,0
216782,0
289827,0
316555,0
47335,0
347335,0
349080,0
150734,0
57191,0
92226,0
74865,0
27689,0
73222,0
88265,0
405319,0
254355,0
229268,0
93288,0
107142,0
115456,0
87021,0
157682,0
343075,0
305797,0
23870,0
289413,0
37792,0
389069,0
198639,0
86132,0
346756,0
124849,0
213187,0
295767,0
237392,0
203645,0
321987,0
333082,0
231329,0
382480,0
86432,0
213293,0
109083,0
63093,0
183256,0
326794,0
394573,0
326933,0
129614,0
285206,0
182679,0
162655,0
391291,0
118649,0
63275,0
182971,0
238645,0
129002,0
183799,0
343184,0
109646,0
44948,0
172517,0
226631,0
52550,0
264034,0
267599,0
277890,0
257663,0
132770,0
40085,0
341639,0
256641,0
368098,0
370560,0
359298,0
277100,0
157144,0
363979,0
244828,0
94970,0
131090,0
72469,0
109500,0
409211,0
302860,0
324128,0
225292,0
385444,0
390957,0
176631,0
139921,0
277042,0
62493,0
94708,0
267342,0
114426,0
373273,0
238213,0
27643,0
10141,0
204408,0
399893,0
315079,0
258419,0
257634,0
60760,0
37995,0
170084,0
95805,0
244889,0
250461,0
34820,0
378644,0
373517,0
249303,0
126563,0
21931,0
225848,0
83596,0
313728,0
407772,0
156472,0
82320,0
167641,0
374317,0
159639,0
394884,0
40327,0
15258,0
70122,0
168355,0
249024,0
310175,0
175227,0
233477,0
219823,0
170102,0
61365,0
137888,0
177343,0
40953,0
269288,0
10468,0
156055,0
93378,0
141838,0
302914,0
219593,0
363101,0
291222,0
351749,0
366107,0
388404,0
333065,0
76530,0
65821,0
304842,0
400157,0
272575,0
390580,0
174036,0
267907,0
245216,0
22843,0
286416,0
110363,0
47142,0
48252,0
103542,0
303961,0
240358,0
347613,0
377528,0
291685,0
287369,0
74559,0
35816,0
258544,0
332494,0
105588,0
48708,0
331445,0
268481,0
260551,0
165703,0
181809,0
166287,0
330779,0
256999,0
66236,0
102958,0
218754,0
349722,0
308870,0
295412,0
181300,0
344750,0
346903,0
8022,0
239587,0
217764,0
265371,0
294290,0
64177,0
282638,0
214768,0
215431,0
136648,0
297090,0
206181,0
98981,0
148015,0
157240,0
79782,0
276158,0
194795,0
65024,0
400081,0
376890,0
136802,0
55712,0
68830,0
146041,0
407456,0
294892,0
326841,0
277741,0
102938,0
31371,0
35984,0
286648,0
229257,0
325905,0
320777,0
61176,0
308083,0
295081,0
118117,0
130133,0
127320,0
311392,0
40822,0
137809,0
177836,0
222414,0
334393,0
399817,0
146354,0
168819,0
132587,0
127645,0
165622,0
363648,0
227632,0
118395,0
95867,0
384056,0
411661,0
162854,0
381620,0
305105,0
123473,0
88618,0
328959,0
300915,0
374694,0
291481,0
255456,0
53364,0
298865,0
381973,0
130038,0
237929,0
91315,0
174291,0
251230,0
54323,0
124524,0
302433,0
224089,0
270222,0
235311,0
259639,0
391650,0
212875,0
41304,0
203,0
150159,0
137399,0
96807,0
287491,0
263412,0
23979,0
25009,0
132709,0
220845,0
181259,0
266413,0
128558,0
143876,0
79049,0
58189,0
330076,0
42512,0
112803,0
348345,0
173187,0
43438,0
154631,0
262790,0
31996,0
173952,0
348459,0
4785,0
175050,0
57367,0
75048,0
201172,0
97231,0
250571,0
263353,0
277069,0
308770,0
251332,0
159300,0
239302,0
345914,0
226643,0
283554,0
62881,0
144273,0
298624,0
228361,0
373751,0
166610,0
343485,0
398462,0
22923,0
92244,0
303445,0
295074,0
341205,0
75453,0
116325,0
19505,0
358871,0
272143,0
77060,0
228197,0
164329,0
27145,0
326761,0
231389,0
220860,0
356934,0
165040,0
251980,0
381714,0
326119,0
195472,0
193436,0
249689,0
10816,0
137803,0
341588,0
172280,0
282883,0
184078,0
211196,0
132268,0
118062,0
91369,0
45792,0
393070,0
350889,0
179549,0
58913,0
204444,0
26679,0
381680,0
180887,0
241460,0
367078,0
136415,0
351839,0
345980,0
84807,0
262851,0
220017,0
115384,0
249544,0
185838,0
70384,0
360817,0
198742,0
368651,0
222826,0
120557,0
242708,0
409205,0
153621,0
344736,0
138978,0
234699,0
115970,0
163685,0
180096,0
321639,0
35054,0
154517,0
24540,0
297907,0
389179,0
84251,0
318450,0
392819,0
99924,0
390657,0
322989,0
240369,0
193413,0
374864,0
90440,0
77874,0
148596,0
31698,0
389505,0
151903,0
239936,0
51368,0
165165,0
7898,0
20464,0
294529,0
289698,0
9349,0
171596,0
93674,0
322786,0
209190,0
329200,0
131218,0
218349,0
329680,0
284401,0
390613,0
227622,0
352387,0
337873,0
288579,0
219974,0
410832,0
368727,0
311489,0
93111,0
377165,0
172113,0
188263,0
338130,0
206828,0
133168,0
389914,0
362117,0
250023,0
49735,0
262560,0
115070,0
117052,0
32342,0
70000,0
318270,0
228431,0
250853,0
49090,0
220024,0
383065,0
386985,0
312026,0
368860,0
227604,0
303954,0
25192,0
12913,0
54833,0
33393,0
373107,0
210321,0
223131,0
3967,0
20154,0
166839,0
389546,0
272242,0
271631,0
136374,0
178482,0
380392,0
39009,0
221795,0
349187,0
371116,0
137165,0
282178,0
150845,0
59949,0
55244,0
402428,0
72630,0
398162,0
360182,0
159272,0
267898,0
2034,0
365161,0
95011,0
259819,0
24621,0
275968,0
308827,0
164969,0
261825,0
296597,0
63851,0
227387,0
364408,0
87471,0
169291,0
300230,0
370899,0
43252,0
365884,0
45619,0
67677,0
116931,0
279776,0
129390,0
235747,0
283038,0
133930,0
342112,0
382227,0
411316,0
182995,0
75711,0
32868,0
280902,0
45977,0
64938,0
154133,0
72495,0
247287,0
116812,0
75823,0
356864,0
83562,0
90103,0
357239,0
23849,0
119245,0
38162,0
380718,0
352900,0
46658,0
370063,0
354971,0
298146,0
127675,0
253835,0
270199,0
322447,0
235364,0
304538,0
161179,0
139436,0
20948,0
8842,0
290894,0
358119,0
89234,0
298861,0
123922,0
301970,0
106888,0
238769,0
270613,0
2956,0
70873,0
390501,0
61848,0
33144,0
62200,0
67818,0
301203,0
184733,0
132197,0
311159,0
64329,0
380949,0
194335,0
118329,0
201784,0
248045,0
74528,0
361011,0
279438,0
276806,0
5825,0
145993,0
392064,0
134144,0
78049,0
119509,0
242235,0
42261,0
233311,0
102356,0
60123,0
67103,0
255781,0
108074,0
19073,0
340159,0
2756,0
389308,0
209316,0
24965,0
33727,0
325964,0
141562,0
294763,0
210068,0
143557,0
289781,0
19959,0
309494,0
15854,0
59609,0
368599,0
160987,0
300337,0
409039,0
56821,0
177538,0
230768,0
32078,0
230513,0
114210,0
324086,0
388459,0
384519,0
243580,0
109009,0
2927,0
262665,0
194387,0
154639,0
75023,0
289935,0
266343,0
304306,0
359022,0
193147,0
126645,0
357950,0
6972,0
167135,0
10846,0
63270,0
319697,0
107963,0
37104,0
67970,0
286174,0
66992,0
100470,0
22303,0
151862,0
153036,0
92685,0
26555,0
367686,0
258197,0
304482,0
16869,0
96257,0
58410,0
214252,0
14265,0
403514,0
271295,0
255606,0
329484,0
73194,0
125568,0
203040,0
158173,0
29881,0
37148,0
305289,0
359787,0
316909,0
261151,0
383434,0
203463,0
325249,0
267289,0
322111,0
248435,0
24098,0
276767,0
52101,0
130924,0
12038,0
305610,0
270611,0
286480,0
325696,0
292951,0
363598,0
317285,0
178570,0
105937,0
336333,0
367599,0
169370,0
86570,0
227833,0
321251,0
394403,0
84782,0
344418,0
180006,0
343836,0
22282,0
276939,0
174162,0
342420,0
377261,0
187985,0
118989,0
102014,0
174136,0
397969,0
405095,0
8795,0
196868,0
317535,0
119594,0
159306,0
220804,0
382192,0
133228,0
81520,0
95051,0
405324,0
202119,0
44514,0
185516,0
220805,0
184407,0
181446,0
411137,0
214109,0
67958,0
315722,0
321195,0
326564,0
2466,0
45109,0
17958,0
226401,0
213801,0
311667,0
71662,0
388631,0
62218,0
161468,0
332490,0
35604,0
168278,0
172267,0
263558,0
114123,0
218314,0
109066,0
153388,0
392906,0
167085,0
350400,0
81097,0
266039,0
385274,0
25586,0
256629,0
283668,0
178227,0
121471,0
139261,0
284440,0
363010,0
279084,0
166259,0
407384,0
125252,0
181582,0
147956,0
182493,0
284334,0
5895,0
402131,0
71711,0
322772,0
333670,0
403387,0
256302,0
356464,0
336472,0
95381,0
250597,0
297583,0
203189,0
205878,0
52873,0
81899,0
334064,0
401383,0
46447,0
241205,0
390557,0
182456,0
220239,0
372679,0
213741,0
140980,0
338813,0
188643,0
144324,0
25820,0
136930,0
350711,0
353872,0
212350,0
117311,0
213807,0
217637,0
266170,0
26025,0
178833,0
312500,0
407735,0
397006,0
32901,0
191228,0
373541,0
244755,0
34962,0
186986,0
45220,0
77843,0
259887,0
332221,0
189215,0
204214,0
76929,0
203677,0
176529,0
175860,0
385272,0
309387,0
372373,0
327269,0
331128,0
44738,0
272984,0
394896,0
373450,0
338426,0
378198,0
260670,0
140156,0
266842,0
262296,0
404151,0
225899,0
362747,0
276237,0
285643,0
18932,0
81300,0
169944,0
175454,0
30830,0
285753,0
311801,0
317816,0
32519,0
242380,0
136654,0
171091,0
7478,0
240350,0
276810,0
330448,0
366686,0
390305,0
301251,0
349479,0
225459,0
205994,0
64745,0
358332,0
188600,0
277894,0
170055,0
113978,0
375981,0
371096,0
162343,0
364466,0
239609,0
25416,0
228194,0
97870,0
48958,0
361872,0
9998,0
333566,0
147098,0
306210,0
350017,0
182929,0
168814,0
205229,0
373394,0
269909,0
88985,0
260241,0
181473,0
9266,0
301350,0
395790,0
20769,0
284251,0
163755,0
304192,0
16299,0
319286,0
204443,0
179202,0
223351,0
385036,0
335081,0
345365,0
92346,0
119470,0
263275,0
191751,0
197639,0
229334,0
264319,0
141596,0
222545,0
189753,0
316053,0
300761,0
18134,0
207576,0
199729,0
395419,0
377404,0
286255,0
149031,0
37985,0
278597,0
147292,0
357971,0
79440,0
375444,0
333396,0
184854,0
31467,0
240707,0
358150,0
38590,0
356333,0
348492,0
152908,0
112584,0
277243,0
391663,0
12345,0
294274,0
369267,0
278070,0
145068,0
333510,0
140629,0
161016,0
91816,0
314932,0
284732,0
297137,0
355932,0
103485,0
227700,0
278612,0
125293,0
172949,0
323226,0
240017,0
83175,0
334997,0
411531,0
396036,0
137477,0
365843,0
157342,0
361306,0
8251,0
351509,0
211423,0
85070,0
207894,0
17474,0
55499,0
152403,0
73897,0
42589,0
199310,0
57489,0
230181,0
329311,0
153618,0
261286,0
314545,0
130004,0
76376,0
33028,0
106799,0
66459,0
201116,0
378493,0
155378,0
54974,0
331284,0
207344,0
236388,0
72751,0
88611,0
96272,0
106877,0
146059,0
27166,0
218861,0
50979,0
212116,0
57593,0
286224,0
188991,0
23476,0
351207,0
162802,0
143519,0
283244,0
195489,0
13082,0
124402,0
28513,0
322320,0
305151,0
267491,0
303674,0
267072,0
70880,0
209813,0
168970,0
259272,0
209315,0
350854,0
399267,0
394358,0
141677,0
18690,0
295127,0
354799,0
319533,0
396537,0
118869,0
196053,0
150452,0
87305,0
57845,0
67131,0
117616,0
18344,0
108661,0
346075,0
313093,0
363652,0
109281,0
220200,0
22624,0
193057,0
241295,0
376395,0
199636,0
260511,0
30514,0
125412,0
212369,0
294577,0
303457,0
374870,0
296221,0
25407,0
161560,0
201943,0
34306,0
130223,0
83240,0
68080,0
245792,0
286307,0
104367,0
235613,0
369712,0
281625,0
160361,0
249889,0
243079,0
225440,0
231463,0
387924,0
334210,0
241368,0
203184,0
146035,0
18171,0
299437,0
371510,0
167366,0
229417,0
172965,0
206817,0
171753,0
77889,0
8040,0
97738,0
365624,0
304268,0
223666,0
118302,0
114076,0
38108,0
110655,0
117735,0
123524,0
231021,0
197313,0
19077,0
298026,0
385008,0
41259,0
70297,0
403922,0
111912,0
406912,0
112385,0
292109,0
10313,0
10952,0
404715,0
305772,0
141100,0
311246,0
399116,0
334515,0
266507,0
1425,0
7632,0
283570,0
188556,0
247783,0
259278,0
231221,0
118377,0
135082,0
148021,0
35582,0
358587,0
406049,0
211750,0
224582,0
287948,0
256989,0
150655,0
51003,0
162309,0
78314,0
204016,0
305040,0
331044,0
52692,0
210532,0
250811,0
285820,0
21322,0
149714,0
379814,0
157762,0
141153,0
287176,0
277997,0
167678,0
315337,0
45775,0
261206,0
411577,0
403172,0
304490,0
395050,0
296936,0
33959,0
112543,0
286684,0
351111,0
339063,0
295538,0
148109,0
33980,0
408560,0
13239,0
217922,0
42590,0
263604,0
371244,0
172795,0
333253,0
188841,0
292454,0
257687,0
356062,0
351099,0
306374,0
368241,0
26067,0
359853,0
322687,0
332971,0
318862,0
258741,0
130027,0
406054,0
343008,0
227367,0
238824,0
288641,0
61931,0
214839,0
234499,0
399699,0
208042,0
368883,0
313041,0
229318,0
397024,0
116611,0
129586,0
49094,0
56564,0
202054,0
183287,0
211746,0
56196,0
242398,0
286379,0
94501,0
278515,0
391591,0
132362,0
205068,0
305290,0
143309,0
398344,0
116647,0
94676,0
340592,0
164376,0
240366,0
185299,0
259320,0
178054,0
379452,0
40957,0
341325,0
249478,0
253120,0
82664,0
15902,0
326427,0
189592,0
58330,0
89023,0
92455,0
150165,0
350905,0
232146,0
4479,0
206707,0
381567,0
374266,0
372206,0
329129,0
153044,0
146734,0
205346,0
253149,0
164132,0
132231,0
132455,0
175033,0
169723,0
320536,0
81332,0
268073,0
241481,0
97774,0
230713,0
49279,0
315772,0
213469,0
404594,0
172101,0
313059,0
344312,0
133968,0
264003,0
106845,0
139517,0
242636,0
396180,0
319273,0
272395,0
14568,0
246077,0
90373,0
132501,0
269412,0
343522,0
29588,0
255544,0
336121,0
360551,0
119639,0
216394,0
178133,0
124232,0
243229,0
154325,0
69359,0
329510,0
102252,0
231717,0
360937,0
249542,0
352129,0
45142,0
81423,0
197402,0
283498,0
258944,0
114332,0
151959,0
50680,0
356468,0
283928,0
330330,0
169080,0
282425,0
97308,0
24771,0
380471,0
193122,0
315801,0
89038,0
238992,0
136759,0
383009,0
270493,0
149281,0
114526,0
77457,0
279865,0
184817,0
45572,0
82337,0
83169,0
13113,0
234522,0
17249,0
345179,0
215673,0
343119,0
270023,0
258807,0
93799,0
56069,0
34204,0
112010,0
291648,0
251476,0
232692,0
303672,0
273650,0
87066,0
360614,0
62895,0
304815,0
381463,0
102549,0
73602,0
46738,0
178892,0
14616,0
243687,0
330821,0
114244,0
35899,0
315620,0
75628,0
45128,0
46037,0
168515,0
49209,0
366172,0
384232,0
334583,0
176466,0
152937,0
383554,0
357792,0
236785,0
114344,0
114162,0
282800,0
77629,0
368123,0
177184,0
369628,0
290389,0
337437,0
135246,0
273774,0
372089,0
4879,0
279174,0
369122,0
276352,0
391858,0
340523,0
145074,0
183635,0
271018,0
74904,0
126514,0
246114,0
123847,0
12441,0
374503,0
114598,0
369463,0
102903,0
19012,0
170485,0
334208,0
240095,0
27174,0
34021,0
253179,0
88014,0
399066,0
276022,0
22356,0
247113,0
287396,0
130237,0
103540,0
102557,0
88929,0
31627,0
76346,0
100416,0
381760,0
312692,0
343456,0
223080,0
117956,0
48206,0
234468,0
344120,0
196473,0
278259,0
122700,0
2888,0
276871,0
311107,0
369334,0
153832,0
193921,0
94455,0
273941,0
65269,0
101879,0
265445,0
169830,0
131901,0
235561,0
304459,0
341798,0
302493,0
304503,0
229887,0
387362,0
186472,0
66373,0
125552,0
247293,0
159224,0
129557,0
261504,0
242939,0
353357,0
281544,0
253627,0
126571,0
7812,0
147260,0
315793,0
167591,0
186801,0
373645,0
188351,0
382818,0
223868,0
293117,0
94838,0
251527,0
176515,0
76471,0
215076,0
319655,0
319717,0
207653,0
83834,0
283799,0
73369,0
86574,0
114415,0
78380,0
337053,0
108035,0
279700,0
106911,0
52389,0
223361,0
103506,0
41358,0
345759,0
411785,0
374938,0
265732,0
348937,0
411361,0
138698,0
213058,0
356233,0
159192,0
396759,0
147412,0
11473,0
327842,0
256131,0
70412,0
13604,0
284422,0
302393,0
34105,0
313631,0
360967,0
243862,0
325470,0
54707,0
210622,0
262822,0
15028,0
156199,0
235464,0
26401,0
303137,0
249163,0
406478,0
330341,0
250421,0
282931,0
254711,0
114354,0
326886,0
98573,0
384450,0
238728,0
195719,0
159420,0
295462,0
114068,0
170357,0
133398,0
27573,0
397815,0
101487,0
88982,0
164830,0
81902,0
70832,0
42321,0
375612,0
280587,0
320692,0
163750,0
377704,0
299925,0
239382,0
116295,0
189638,0
211881,0
237539,0
70711,0
227405,0
312355,0
397469,0
127658,0
330125,0
304659,0
291542,0
204593,0
368716,0
211548,0
276131,0
269252,0
295921,0
223813,0
316635,0
272159,0
93825,0
95923,0
90937,0
303290,0
216620,0
374087,0
262282,0
81081,0
384050,0
103215,0
73324,0
184402,0
312232,0
188835,0
356082,0
140701,0
267873,0
28279,0
364275,0
354960,0
216377,0
264750,0
389594,0
287967,0
337415,0
136273,0
159521,0
40554,0
30290,0
88424,0
170272,0
327175,0
102614,0
341982,0
53810,0
230879,0
117952,0
80079,0
215265,0
166391,0
169536,0
96875,0
276894,0
182375,0
107933,0
176308,0
114668,0
9421,0
20091,0
144894,0
238600,0
48786,0
297149,0
399906,0
78168,0
278452,0
58989,0
86569,0
270695,0
5900,0
254417,0
27259,0
332932,0
164226,0
162015,0
170812,0
276865,0
407241,0
350331,0
103979,0
159235,0
197099,0
244850,0
365199,0
368708,0
148025,0
3223,0
78952,0
323517,0
333213,0
392478,0
37117,0
70473,0
150823,0
378033,0
254164,0
84325,0
389658,0
331488,0
313110,0
89677,0
313826,0
172182,0
326205,0
120568,0
148486,0
229098,0
342410,0
64836,0
116588,0
30192,0
167877,0
21363,0
344472,0
191867,0
271370,0
295615,0
11585,0
148686,0
178169,0
396242,0
163174,0
95848,0
237748,0
63186,0
118777,0
26395,0
345946,0
191724,0
146344,0
334155,0
272966,0
278877,0
1255,0
48057,0
269944,0
64658,0
255248,0
380800,0
198019,0
147654,0
389039,0
169627,0
45616,0
246896,0
359121,0
119381,0
200959,0
47756,0
394679,0
171066,0
183453,0
341668,0
245662,0
170864,0
355181,0
393286,0
312238,0
285013,0
47625,0
257200,0
176472,0
119033,0
368223,0
215894,0
360761,0
161451,0
264298,0
63810,0
72828,0
19857,0
267671,0
159207,0
114369,0
147941,0
369668,0
213,0
137627,0
316400,0
143425,0
57163,0
70044,0
14605,0
240681,0
136202,0
380575,0
375761,0
233601,0
39131,0
374204,0
46306,0
333266,0
407411,0
335555,0
132457,0
64699,0
277980,0
223857,0
58789,0
108653,0
370599,0
174034,0
153082,0
252907,0
96598,0
366755,0
322603,0
201609,0
288633,0
35761,0
9222,0
145193,0
355286,0
404586,0
369588,0
310093,0
23285,0
279560,0
201165,0
356424,0
201721,0
4917,0
82609,0
59099,0
310460,0
322263,0
187987,0
183648,0
97698,0
307212,0
158244,0
165993,0
263945,0
204237,0
176837,0
405152,0
308835,0
226805,0
341500,0
344768,0
61265,0
366842,0
88237,0
404158,0
157993,0
166969,0
212902,0
184429,0
57806,0
253100,0
260395,0
267660,0
344843,0
294875,0
392108,0
43225,0
135111,0
102075,0
401550,0
372371,0
165055,0
324048,0
17950,0
43258,0
74031,0
296186,0
96575,0
359520,0
26805,0
153210,0
143752,0
215713,0
163712,0
88066,0
172995,0
204295,0
310674,0
332237,0
295892,0
165537,0
406430,0
396264,0
408474,0
169916,0
401774,0
296818,0
94081,0
67648,0
232165,0
56222,0
384603,0
4448,0
21739,0
217899,0
64432,0
235035,0
79052,0
11722,0
249705,0
323715,0
288503,0
317780,0
26092,0
122095,0
409331,0
41458,0
225896,0
28380,0
377934,0
49652,0
54081,0
39052,0
3933,0
290027,0
49589,0
266526,0
205863,0
85625,0
345584,0
5894,0
408268,0
215868,0
308971,0
65251,0
319260,0
245192,0
3997,0
202534,0
89571,0
43727,0
393085,0
319643,0
157541,0
42101,0
107774,0
51793,0
377199,0
300265,0
93929,0
181580,0
75959,0
308666,0
219809,0
393188,0
353171,0
368218,0
384258,0
266084,0
290357,0
366013,0
312693,0
89714,0
366073,0
280311,0
99487,0
76936,0
280674,0
394002,0
78885,0
378824,0
45804,0
28025,0
205881,0
223607,0
294693,0
75560,0
399252,0
70871,0
165543,0
185550,0
296164,0
193067,0
328251,0
320762,0
237640,0
342282,0
323607,0
271000,0
198541,0
164515,0
141279,0
267909,0
81639,0
164060,0
29971,0
217484,0
180325,0
37265,0
109924,0
351415,0
87864,0
194245,0
385501,0
348763,0
389613,0
313976,0
402861,0
62644,0
232633,0
323994,0
335326,0
391487,0
35502,0
148899,0
183136,0
326094,0
341409,0
240105,0
290330,0
239720,0
313115,0
181153,0
70150,0
367467,0
365999,0
405565,0
23173,0
270315,0
242477,0
313156,0
97236,0
383187,0
353826,0
221411,0
38449,0
368740,0
310560,0
16625,0
205203,0
388125,0
249171,0
66827,0
102881,0
78051,0
178084,0
318201,0
108491,0
368250,0
148303,0
136785,0
198725,0
232193,0
49174,0
163970,0
401793,0
208801,0
276737,0
157513,0
288995,0
156723,0
24333,0
270333,0
76956,0
301094,0
187442,0
350610,0
127838,0
119427,0
277339,0
149389,0
199926,0
401464,0
269609,0
21932,0
215301,0
289219,0
131053,0
355233,0
14939,0
395211,0
93087,0
268686,0
76897,0
300174,0
389032,0
122115,0
111500,0
323514,0
213439,0
137724,0
129608,0
9358,0
166062,0
114217,0
122704,0
30207,0
199011,0
408049,0
67279,0
224573,0
395374,0
156781,0
399999,0
100434,0
100982,0
257557,0
157805,0
68054,0
219588,0
125274,0
121473,0
360126,0
175686,0
211617,0
322169,0
406637,0
75607,0
224058,0
164007,0
43392,0
34282,0
230878,0
325844,0
281951,0
27394,0
26629,0
10196,0
62105,0
235814,0
114491,0
215137,0
409299,0
341101,0
78157,0
96233,0
751,0
37429,0
327426,0
166800,0
64690,0
82147,0
169938,0
101525,0
1610,0
218073,0
293291,0
25255,0
409716,0
44356,0
396905,0
261280,0
342963,0
98724,0
36370,0
247143,0
145019,0
369589,0
369738,0
129828,0
246687,0
365727,0
59515,0
336518,0
276338,0
151849,0
410069,0
151761,0
263910,0
232737,0
399971,0
133406,0
143103,0
285408,0
7850,0
37426,0
177753,0
175072,0
131681,0
387128,0
67967,0
44327,0
309224,0
290346,0
326549,0
76428,0
138384,0
318808,0
397951,0
190868,0
237858,0
293841,0
185651,0
314746,0
302539,0
245343,0
64467,0
118709,0
99531,0
321129,0
387265,0
183461,0
355102,0
81581,0
2699,0
216847,0
128606,0
380682,0
195154,0
332469,0
173686,0
53472,0
270118,0
124422,0
241627,0
280419,0
330673,0
207790,0
379862,0
102980,0
202632,0
14769,0
218562,0
43867,0
322061,0
124135,0
240585,0
228399,0
204145,0
194399,0
192804,0
223603,0
395861,0
103401,0
93190,0
288860,0
191281,0
206616,0
199471,0
275759,0
71587,0
160046,0
240538,0
131316,0
156228,0
263416,0
232022,0
44618,0
375806,0
44934,0
196335,0
93268,0
133455,0
156653,0
201201,0
203999,0
18836,0
50051,0
320503,0
345460,0
381031,0
72066,0
342903,0
7443,0
278451,0
109137,0
192374,0
330216,0
209672,0
7744,0
42476,0
391353,0
179365,0
271635,0
253764,0
321242,0
150545,0
324324,0
36918,0
72516,0
153662,0
348910,0
116238,0
164760,0
341817,0
70125,0
374351,0
319127,0
10426,0
193663,0
220792,0
70199,0
267192,0
114045,0
329756,0
395533,0
267678,0
378712,0
339551,0
12173,0
2768,0
65041,0
375157,0
392103,0
372745,0
345244,0
341663,0
400411,0
285009,0
304820,0
22809,0
131327,0
310379,0
272192,0
179612,0
82987,0
330325,0
119038,0
55052,0
48315,0
265756,0
228850,0
225388,0
16888,0
154484,0
411421,0
338990,0
291273,0
61778,0
301835,0
183273,0
167028,0
133695,0
367661,0
323148,0
335254,0
132269,0
17696,0
268204,0
210978,0
273699,0
336076,0
109082,0
189997,0
8594,0
284457,0
67154,0
56520,0
130475,0
157840,0
75574,0
408148,0
303858,0
52791,0
186255,0
146770,0
409446,0
67465,0
385520,0
409362,0
215763,0
309001,0
388292,0
1118,0
396529,0
148156,0
45169,0
189988,0
68143,0
156746,0
219137,0
225278,0
134388,0
153728,0
18965,0
19233,0
258271,0
227429,0
280789,0
90188,0
411619,0
196672,0
387151,0
399478,0
380118,0
361906,0
300836,0
368111,0
155191,0
208523,0
141936,0
268790,0
173205,0
152385,0
372726,0
139676,0
94065,0
408229,0
158587,0
271504,0
405673,0
27941,0
48541,0
262123,0
50684,0
371103,0
113553,0
340057,0
102789,0
284595,0
293543,0
244178,0
2836,0
354800,0
277749,0
370921,0
394014,0
233965,0
12016,0
115656,0
399961,0
184734,0
40890,0
53269,0
22343,0
219889,0
115598,0
201079,0
57119,0
198629,0
113363,0
25744,0
156955,0
194185,0
208635,0
213751,0
268843,0
101696,0
102896,0
54131,0
267697,0
214954,0
372759,0
254676,0
270633,0
212313,0
192403,0
31261,0
240623,0
140010,0
117686,0
123627,0
326826,0
361772,0
55524,0
284561,0
199878,0
222718,0
119713,0
163475,0
111712,0
33274,0
344328,0
203537,0
294401,0
132473,0
73223,0
71966,0
351438,0
224304,0
146009,0
354826,0
281475,0
113961,0
32458,0
336637,0
160593,0
129294,0
303184,0
311849,0
191632,0
307944,0
387500,0
267061,0
295398,0
202147,0
326122,0
18129,0
83241,0
14767,0
17473,0
24245,0
206078,0
14782,0
370739,0
12399,0
46196,0
369973,0
368622,0
291785,0
226567,0
267572,0
84920,0
167906,0
233458,0
248666,0
148073,0
53627,0
242969,0
281177,0
28777,0
341999,0
29242,0
262970,0
282969,0
70425,0
155344,0
127632,0
167264,0
7770,0
346789,0
150302,0
133731,0
66888,0
257504,0
136736,0
304428,0
127856,0
405722,0
346554,0
25897,0
380828,0
202229,0
189692,0
178571,0
124375,0
246261,0
22136,0
353240,0
143035,0
248575,0
309900,0
214603,0
189796,0
322640,0
125654,0
44579,0
62722,0
228255,0
192125,0
267260,0
252446,0
340128,0
206379,0
290070,0
192703,0
185730,0
276801,0
389721,0
11291,0
53630,0
24133,0
212198,0
250539,0
68932,0
98245,0
33454,0
253125,0
194348,0
293877,0
21245,0
7820,0
353649,0
246047,0
136717,0
308080,0
348908,0
323914,0
343351,0
223306,0
294369,0
133421,0
55289,0
292060,0
42801,0
18463,0
198190,0
267846,0
197454,0
171799,0
365472,0
266110,0
203288,0
304552,0
345569,0
89986,0
219077,0
25202,0
62388,0
257468,0
394726,0
240466,0
390524,0
101433,0
134428,0
149072,0
301700,0
331978,0
58646,0
124740,0
147299,0
314653,0
244996,0
286998,0
231272,0
116297,0
257066,0
231762,0
51600,0
158707,0
309200,0
144028,0
314393,0
157016,0
11920,0
315103,0
215389,0
217487,0
316225,0
337350,0
49554,0
140097,0
140167,0
256290,0
71215,0
329493,0
290751,0
285849,0
154847,0
325788,0
49068,0
304807,0
229779,0
166485,0
39895,0
80163,0
70009,0
258214,0
78754,0
161067,0
323563,0
274476,0
382829,0
98354,0
10174,0
282987,0
285373,0
394797,0
338210,0
223819,0
130238,0
303045,0
24910,0
17606,0
238637,0
213257,0
301821,0
399845,0
343413,0
187956,0
176282,0
205762,0
399969,0
346170,0
148717,0
220950,0
364227,0
300446,0
7223,0
408348,0
62638,0
48812,0
269225,0
19730,0
148516,0
206250,0
239127,0
265836,0
188601,0
242292,0
187076,0
187574,0
38344,0
215070,0
103264,0
187373,0
234632,0
222890,0
141523,0
34910,0
22420,0
120074,0
321931,0
76163,0
397895,0
260481,0
411391,0
342611,0
364144,0
11980,0
100971,0
180490,0
308714,0
158696,0
125906,0
239835,0
94796,0
181484,0
258483,0
148982,0
289776,0
40657,0
317894,0
373907,0
31145,0
166238,0
127919,0
242967,0
79803,0
261430,0
53755,0
154319,0
380711,0
319150,0
95595,0
331145,0
234557,0
62063,0
8984,0
103240,0
175024,0
61069,0
203187,0
131824,0
327687,0
258931,0
209964,0
183016,0
12647,0
168582,0
99196,0
311652,0
39097,0
112113,0
389832,0
164964,0
307783,0
18062,0
28923,0
135337,0
110265,0
157853,0
68459,0
175583,0
211584,0
3793,0
238138,0
399482,0
107760,0
229208,0
198701,0
334186,0
50143,0
136271,0
14105,0
212241,0
340206,0
298639,0
123817,0
357731,0
267595,0
21683,0
235515,0
172098,0
410503,0
97179,0
95087,0
314117,0
112955,0
371319,0
27774,0
8123,0
187140,0
314866,0
78748,0
327423,0
307220,0
138754,0
134495,0
268847,0
325153,0
267056,0
252966,0
368331,0
137475,0
354744,0
99685,0
307895,0
228033,0
225726,0
111755,0
51077,0
64186,0
107592,0
308487,0
19307,0
108993,0
70047,0
270468,0
252699,0
394392,0
72947,0
371770,0
16411,0
221698,0
409189,0
12960,0
391815,0
78443,0
57608,0
261091,0
289142,0
248238,0
142474,0
36892,0
203840,0
15552,0
81479,0
167412,0
22103,0
191294,0
333545,0
61837,0
28429,0
359766,0
411821,0
102706,0
239269,0
229104,0
272435,0
38537,0
151865,0
33641,0
379191,0
115502,0
211735,0
407958,0
328279,0
276529,0
46961,0
169486,0
276097,0
27090,0
37123,0
354258,0
32573,0
57214,0
169474,0
282948,0
162146,0
183627,0
22998,0
55426,0
311424,0
63648,0
297158,0
3018,0
7354,0
225797,0
341073,0
333492,0
240437,0
400970,0
139088,0
205057,0
254720,0
287952,0
6409,0
229333,0
387865,0
230519,0
262882,0
9819,0
196585,0
30964,0
375512,0
385647,0
234955,0
133282,0
124760,0
53800,0
310445,0
208334,0
318156,0
156482,0
239144,0
260124,0
215799,0
29056,0
58348,0
18829,0
352318,0
153657,0
31583,0
322852,0
337863,0
362356,0
136628,0
279446,0
128951,0
116239,0
332422,0
392691,0
192900,0
299720,0
166230,0
43470,0
10143,0
264467,0
266982,0
31663,0
319243,0
95409,0
271701,0
114124,0
100271,0
109541,0
406354,0
146743,0
192361,0
67160,0
339326,0
245507,0
223219,0
340956,0
402086,0
231733,0
188100,0
215335,0
214896,0
46746,0
291974,0
159382,0
121608,0
201818,0
192648,0
88550,0
91017,0
215456,0
127269,0
375383,0
193910,0
319967,0
178485,0
248684,0
85651,0
187534,0
43615,0
220521,0
266265,0
274291,0
69487,0
134423,0
384048,0
367994,0
332302,0
279562,0
97326,0
355110,0
375334,0
34799,0
255774,0
177080,0
73748,0
247604,0
283458,0
304502,0
105087,0
28351,0
311659,0
45731,0
346814,0
54180,0
169874,0
260802,0
14015,0
222800,0
276566,0
370286,0
125335,0
48998,0
136653,0
96063,0
270638,0
223075,0
292415,0
311149,0
172070,0
224003,0
356925,0
265669,0
141318,0
150577,0
403564,0
396558,0
262699,0
250926,0
266951,0
56168,0
236393,0
43518,0
277884,0
341922,0
88383,0
149526,0
113462,0
86865,0
350416,0
25139,0
3044,0
253206,0
337032,0
375123,0
393629,0
389507,0
20230,0
191351,0
151260,0
73467,0
342475,0
77950,0
96786,0
393766,0
196204,0
154704,0
308926,0
411452,0
109116,0
373388,0
380941,0
27038,0
37850,0
88479,0
249238,0
41613,0
312335,0
64243,0
263941,0
244159,0
68403,0
235598,0
258692,0
69765,0
200095,0
354131,0
253094,0
241144,0
97651,0
394780,0
217935,0
368702,0
355906,0
172968,0
76515,0
338302,0
343294,0
157078,0
264471,0
165472,0
139667,0
225575,0
263035,0
300691,0
98835,0
313566,0
155356,0
251972,0
218048,0
269365,0
225067,0
203103,0
250780,0
212441,0
134236,0
34635,0
255464,0
166755,0
245580,0
31864,0
316456,0
77851,0
139674,0
308942,0
251418,0
342740,0
50442,0
308758,0
39675,0
215303,0
93664,0
364234,0
302799,0
115130,0
311902,0
393139,0
277968,0
354568,0
364788,0
203826,0
117046,0
124838,0
25880,0
201712,0
338260,0
3498,0
368728,0
119644,0
280609,0
220269,0
303053,0
177136,0
379464,0
90979,0
94961,0
308769,0
303060,0
294671,0
356566,0
341340,0
106650,0
250356,0
49609,0
308718,0
325361,0
132330,0
149192,0
158298,0
325021,0
317156,0
67718,0
334754,0
102776,0
50289,0
148416,0
217550,0
152872,0
260973,0
34440,0
350269,0
274048,0
268119,0
322150,0
262696,0
278227,0
132874,0
266953,0
196658,0
21917,0
149512,0
324299,0
341573,0
53114,0
273428,0
276714,0
201,0
168650,0
66931,0
32804,0
387131,0
355118,0
195842,0
215690,0
324449,0
388834,0
8060,0
223100,0
315764,0
162866,0
45466,0
93699,0
22192,0
392670,0
197178,0
406174,0
364472,0
172209,0
216001,0
305129,0
283173,0
388754,0
270815,0
174434,0
83400,0
277301,0
84071,0
58581,0
361494,0
355658,0
76998,0
79824,0
314727,0
329415,0
227750,0
302765,0
71075,0
32247,0
383714,0
124446,0
134930,0
333372,0
163319,0
185736,0
309019,0
285110,0
7892,0
114295,0
6573,0
251765,0
250409,0
136308,0
266676,0
201708,0
33434,0
158219,0
339565,0
373271,0
25467,0
201491,0
25070,0
170775,0
98737,0
366349,0
315621,0
93240,0
187480,0
253118,0
7088,0
31198,0
35873,0
3062,0
245360,0
156986,0
365639,0
31428,0
397961,0
117114,0
223536,0
159,0
182247,0
298305,0
11486,0
105526,0
353898,0
10319,0
410231,0
269196,0
194797,0
162557,0
21939,0
201070,0
220836,0
335779,0
334823,0
342127,0
213733,0
146590,0
122240,0
378704,0
120677,0
307859,0
217451,0
132666,0
126984,0
171426,0
50375,0
149153,0
75957,0
57731,0
2270,0
219116,0
212650,0
163192,0
405332,0
340429,0
370386,0
400201,0
114079,0
331641,0
86359,0
267656,0
62679,0
34400,0
272219,0
296588,0
180236,0
122397,0
290736,0
200564,0
253562,0
268778,0
152090,0
244965,0
228452,0
127039,0
93248,0
314701,0
317297,0
155413,0
355320,0
397102,0
55996,0
79990,0
288635,0
408930,0
355664,0
294056,0
81944,0
13787,0
350820,0
233135,0
369674,0
14996,0
333919,0
332039,0
7306,0
120702,0
159579,0
385837,0
124405,0
201756,0
322817,0
332818,0
139415,0
300844,0
277841,0
212031,0
367313,0
294931,0
221915,0
293326,0
163453,0
411711,0
174254,0
236609,0
331137,0
72525,0
140573,0
389257,0
408027,0
390734,0
286226,0
176748,0
278340,0
92395,0
5835,0
325701,0
117906,0
304025,0
106832,0
365403,0
317210,0
320625,0
369822,0
249269,0
55667,0
263015,0
315726,0
213666,0
215398,0
232840,0
54645,0
86177,0
113001,0
345391,0
186080,0
291677,0
362797,0
132,0
330069,0
190619,0
264832,0
7154,0
265395,0
269845,0
394712,0
370637,0
372006,0
345389,0
200495,0
7761,0
354919,0
263633,0
340542,0
147240,0
168822,0
133281,0
324638,0
293574,0
13377,0
324515,0
49322,0
239719,0
284452,0
378357,0
411802,0
132474,0
289178,0
225934,0
29606,0
261383,0
389465,0
151812,0
63215,0
179831,0
131561,0
19770,0
290266,0
2878,0
215406,0
263737,0
404465,0
156121,0
382742,0
42845,0
256146,0
88336,0
52487,0
70569,0
341347,0
395100,0
199047,0
400813,0
382434,0
234467,0
258716,0
368703,0
118553,0
103140,0
406298,0
156862,0
295437,0
375210,0
231718,0
100586,0
245215,0
309101,0
246159,0
281294,0
293623,0
162590,0
201732,0
142501,0
164775,0
7772,0
126046,0
5299,0
190261,0
29413,0
27139,0
377601,0
131252,0
17861,0
402638,0
175096,0
263798,0
173783,0
295402,0
246045,0
133876,0
62085,0
321291,0
71608,0
319263,0
387543,0
4028,0
251243,0
22291,0
122134,0
340012,0
277418,0
137774,0
384912,0
243333,0
401571,0
225304,0
117846,0
318973,0
392789,0
300331,0
236465,0
248573,0
10049,0
175898,0
218068,0
126008,0
401679,0
199104,0
257945,0
363085,0
73326,0
399849,0
120422,0
165635,0
54535,0
4339,0
225879,0
209152,0
183927,0
268573,0
19601,0
275075,0
317212,0
55281,0
291143,0
151257,0
399250,0
350497,0
114732,0
144193,0
359886,0
377505,0
280331,0
74132,0
221122,0
182919,0
215557,0
328909,0
169692,0
145451,0
387507,0
259852,0
179791,0
262695,0
92991,0
299348,0
183580,0
220026,0
227725,0
169610,0
184604,0
109793,0
41334,0
35944,0
277027,0
191161,0
348927,0
39656,0
63847,0
7311,0
405242,0
5528,0
169374,0
131474,0
30128,0
325753,0
21769,0
274056,0
206293,0
102109,0
296366,0
117021,0
198819,0
269914,0
13534,0
27425,0
163271,0
130298,0
197156,0
151204,0
343479,0
311754,0
261919,0
235553,0
328646,0
69482,0
182335,0
358946,0
225520,0
392824,0
324544,0
134133,0
177782,0
119786,0
100223,0
51070,0
103222,0
411384,0
89075,0
203253,0
387982,0
202109,0
348603,0
244709,0
205350,0
227953,0
106171,0
70101,0
392161,0
56993,0
285834,0
374591,0
3529,0
63835,0
363556,0
274001,0
320139,0
184602,0
35652,0
147892,0
329582,0
110442,0
216011,0
8301,0
369355,0
230993,0
337822,0
224261,0
305378,0
253806,0
215890,0
45825,0
37487,0
14563,0
58742,0
176362,0
400971,0
187739,0
345870,0
371625,0
10132,0
180545,0
213201,0
411604,0
342629,0
385244,0
101272,0
395960,0
237309,0
104041,0
312462,0
331221,0
7279,0
121258,0
48091,0
112,0
211111,0
180189,0
403442,0
118774,0
80688,0
252848,0
396274,0
287720,0
365544,0
334965,0
278941,0
28419,0
235611,0
375984,0
149582,0
318535,0
340192,0
319426,0
1559,0
369067,0
234618,0
244511,0
289123,0
411386,0
3843,0
337699,0
122393,0
48746,0
304777,0
80303,0
233963,0
36518,0
220300,0
155751,0
146347,0
174972,0
6862,0
94466,0
22102,0
33284,0
191999,0
215950,0
320575,0
166750,0
354667,0
169208,0
268678,0
108950,0
152381,0
138636,0
55255,0
178345,0
140889,0
107781,0
338424,0
82829,0
252423,0
45945,0
83719,0
280543,0
340275,0
220885,0
287747,0
96936,0
259189,0
167446,0
49572,0
18677,0
301019,0
270001,0
133995,0
357391,0
380269,0
227591,0
225720,0
34084,0
2520,0
60078,0
172596,0
23104,0
358226,0
342866,0
23797,0
230716,0
68993,0
397584,0
227117,0
131821,0
28181,0
372940,0
58365,0
81480,0
5044,0
164965,0
195709,0
387503,0
76863,0
391305,0
267161,0
349669,0
327136,0
238134,0
304271,0
168780,0
262414,0
393879,0
199710,0
96873,0
14441,0
106300,0
81827,0
47595,0
119685,0
393537,0
234614,0
217652,0
102349,0
301042,0
200518,0
144744,0
106144,0
68127,0
292875,0
278358,0
215351,0
378238,0
782,0
408530,0
327284,0
261398,0
135852,0
90129,0
301453,0
112063,0
279637,0
56914,0
109789,0
230674,0
210488,0
146425,0
81888,0
89731,0
254853,0
332576,0
5631,0
69685,0
275530,0
396033,0
338782,0
159949,0
183426,0
2702,0
44880,0
270887,0
126921,0
19972,0
333136,0
18736,0
9858,0
96971,0
279616,0
152649,0
282625,0
267184,0
103315,0
4021,0
161604,0
76899,0
114037,0
97605,0
402268,0
261730,0
75244,0
59558,0
35092,0
103374,0
204528,0
137034,0
201538,0
92714,0
2573,0
49984,0
268214,0
62408,0
311624,0
108733,0
265921,0
395500,0
8159,0
35765,0
50204,0
46451,0
125693,0
102044,0
402913,0
60874,0
351042,0
343182,0
296579,0
839,0
74504,0
272386,0
60118,0
196291,0
228855,0
10656,0
59158,0
258538,0
4137,0
119206,0
173384,0
327626,0
35503,0
374020,0
252481,0
157141,0
263745,0
266396,0
156991,0
384967,0
1028,0
331224,0
276206,0
225902,0
60063,0
323259,0
383658,0
337133,0
342705,0
294688,0
217817,0
256880,0
126934,0
352841,0
295609,0
78026,0
339836,0
184503,0
136416,0
90677,0
216055,0
264196,0
176364,0
45712,0
335914,0
304801,0
384062,0
232899,0
3884,0
58454,0
275336,0
86819,0
218478,0
192519,0
85445,0
210269,0
54741,0
405942,0
89320,0
54699,0
280528,0
83281,0
225306,0
108623,0
295770,0
91953,0
326661,0
370807,0
229962,0
216935,0
208534,0
342155,0
59487,0
1193,0
35049,0
387494,0
130281,0
335050,0
43984,0
56523,0
50505,0
271015,0
89492,0
130920,0
35896,0
326203,0
238382,0
410358,0
368008,0
220778,0
312939,0
345585,0
68855,0
223377,0
251594,0
328639,0
271772,0
127474,0
43748,0
196506,0
380804,0
404929,0
222656,0
211862,0
325455,0
333479,0
307194,0
373468,0
334189,0
406841,0
155189,0
198842,0
376694,0
360651,0
356246,0
95048,0
148331,0
98958,0
200377,0
169109,0
236243,0
106840,0
60535,0
300056,0
327009,0
83272,0
180461,0
31407,0
408633,0
194778,0
365361,0
363617,0
220214,0
179944,0
58375,0
268654,0
242502,0
329960,0
345930,0
169514,0
126742,0
14152,0
256731,0
27580,0
214226,0
45563,0
405632,0
218611,0
107236,0
206327,0
259562,0
279972,0
89893,0
27650,0
35785,0
351313,0
107429,0
293479,0
331939,0
312519,0
252888,0
299716,0
373097,0
36685,0
155883,0
221584,0
172702,0
259678,0
411685,0
195836,0
252808,0
376545,0
387808,0
109964,0
94777,0
297870,0
360962,0
297225,0
235782,0
26128,0
228486,0
152209,0
16788,0
188092,0
307353,0
3939,0
275387,0
238934,0
399796,0
23223,0
269912,0
193103,0
394580,0
25430,0
169679,0
255789,0
332568,0
226169,0
253760,0
198589,0
17124,0
54401,0
233194,0
405903,0
132588,0
111399,0
108508,0
270588,0
375009,0
356250,0
204314,0
337844,0
287864,0
146165,0
236873,0
139050,0
204956,0
115939,0
47946,0
266462,0
39239,0
309750,0
96191,0
125826,0
55406,0
278575,0
131415,0
125952,0
96608,0
247863,0
297274,0
249953,0
375013,0
222210,0
223274,0
151915,0
36681,0
268602,0
220538,0
339500,0
199381,0
165855,0
221289,0
305094,0
352267,0
122460,0
121954,0
111082,0
201869,0
348733,0
103269,0
246853,0
191706,0
269097,0
347243,0
214318,0
390478,0
195241,0
30727,0
24680,0
226039,0
213973,0
243704,0
361524,0
297611,0
231320,0
131016,0
114144,0
64708,0
4008,0
263964,0
332488,0
258341,0
225307,0
190440,0
203895,0
261623,0
360096,0
292010,0
333455,0
316800,0
221835,0
113932,0
103148,0
355281,0
61240,0
331921,0
353183,0
402644,0
110308,0
267384,0
233986,0
319835,0
221053,0
114372,0
171094,0
406767,0
137136,0
35127,0
110068,0
105404,0
298730,0
299403,0
204555,0
318990,0
211885,0
236209,0
156703,0
342811,0
14694,0
307040,0
176972,0
399148,0
253555,0
296691,0
333286,0
328504,0
14002,0
406900,0
340041,0
38065,0
27035,0
36213,0
333377,0
70689,0
271469,0
321994,0
183337,0
394531,0
215896,0
223646,0
392916,0
193163,0
328237,0
309290,0
42557,0
93264,0
411048,0
212279,0
201500,0
142030,0
310896,0
373997,0
367524,0
32382,0
59159,0
362983,0
9085,0
364126,0
287289,0
93981,0
293281,0
239169,0
369479,0
411150,0
408276,0
113266,0
221865,0
219905,0
293614,0
141967,0
80658,0
166176,0
85430,0
256269,0
83087,0
149088,0
220921,0
36881,0
293673,0
3325,0
294970,0
1716,0
8635,0
241159,0
168042,0
380985,0
204446,0
33450,0
95894,0
255515,0
139473,0
267114,0
201162,0
186633,0
268762,0
200383,0
36970,0
305635,0
320149,0
167817,0
7335,0
105991,0
201652,0
241637,0
14453,0
228971,0
289880,0
216937,0
280090,0
142769,0
343586,0
226850,0
355861,0
242,0
306753,0
40353,0
48629,0
359859,0
125378,0
33120,0
134009,0
1799,0
331420,0
167549,0
256142,0
305377,0
61070,0
212774,0
342330,0
234584,0
74791,0
407047,0
89444,0
374361,0
106419,0
378513,0
80507,0
104657,0
218623,0
85597,0
290118,0
408609,0
233856,0
177978,0
130311,0
155213,0
29889,0
316542,0
299286,0
29720,0
355220,0
73684,0
44958,0
18394,0
195419,0
36478,0
354215,0
399541,0
85524,0
6186,0
377186,0
389975,0
74030,0
303941,0
40878,0
26860,0
158906,0
371523,0
206471,0
59897,0
20197,0
60074,0
223805,0
74476,0
20886,0
51882,0
298439,0
91568,0
328471,0
65005,0
264696,0
116117,0
287707,0
298384,0
339981,0
332860,0
144746,0
7153,0
115868,0
290881,0
409674,0
258529,0
286783,0
370232,0
12418,0
2426,0
319755,0
302669,0
16749,0
261821,0
398958,0
182171,0
130752,0
2811,0
109110,0
282488,0
284296,0
33159,0
165306,0
166067,0
235331,0
236620,0
7638,0
164355,0
355086,0
94985,0
347758,0
189937,0
42433,0
335181,0
251256,0
329228,0
367470,0
400596,0
300930,0
164502,0
79258,0
368679,0
4193,0
389800,0
177652,0
184485,0
28136,0
173736,0
144702,0
31656,0
277995,0
19032,0
325377,0
285139,0
289790,0
330956,0
363847,0
375272,0
306147,0
103260,0
218178,0
351204,0
20513,0
288674,0
44797,0
82875,0
232378,0
282776,0
285824,0
7876,0
306894,0
361430,0
138214,0
303312,0
150544,0
123252,0
333797,0
376547,0
5048,0
390919,0
363053,0
120079,0
323700,0
333592,0
43821,0
150214,0
231476,0
281016,0
10030,0
152818,0
202721,0
1424,0
308811,0
192723,0
29939,0
318190,0
285006,0
29614,0
8807,0
29440,0
43125,0
45174,0
379309,0
299543,0
207288,0
387224,0
91339,0
308395,0
346357,0
322726,0
169150,0
33553,0
43104,0
268765,0
394410,0
75043,0
251227,0
299891,0
147235,0
359317,0
29678,0
232254,0
274315,0
186864,0
326534,0
158052,0
367747,0
127038,0
83500,0
167240,0
249999,0
346983,0
136401,0
45635,0
41210,0
152782,0
389080,0
18823,0
122457,0
163363,0
355485,0
47813,0
61826,0
197245,0
287285,0
399048,0
109850,0
80385,0
394728,0
373539,0
326697,0
210281,0
183818,0
341849,0
107964,0
35441,0
261563,0
121535,0
52532,0
124133,0
315910,0
18984,0
116540,0
252269,0
34558,0
221500,0
324737,0
232299,0
86693,0
140026,0
126572,0
201171,0
136625,0
242588,0
35556,0
195095,0
240912,0
306675,0
112738,0
388373,0
177494,0
377715,0
399655,0
388193,0
336573,0
47417,0
19285,0
64262,0
356089,0
278747,0
188024,0
290010,0
119139,0
42913,0
111952,0
161495,0
361064,0
42630,0
67678,0
357961,0
327302,0
222135,0
218306,0
180089,0
122206,0
136153,0
89232,0
80022,0
393349,0
387346,0
201822,0
182268,0
342679,0
259428,0
194279,0
272710,0
252804,0
134306,0
112897,0
264455,0
89304,0
26621,0
161528,0
391798,0
329186,0
176575,0
337204,0
50029,0
220797,0
272904,0
143009,0
117592,0
248361,0
15269,0
10241,0
91358,0
80337,0
141397,0
67836,0
292456,0
408643,0
38687,0
298564,0
406972,0
184332,0
398256,0
108864,0
212911,0
54406,0
258935,0
25105,0
14947,0
385387,0
224299,0
148473,0
246153,0
320517,0
286133,0
331807,0
210104,0
20183,0
161842,0
332801,0
5639,0
353086,0
385500,0
117199,0
69115,0
352436,0
262326,0
345405,0
79649,0
60112,0
380,0
226943,0
75569,0
200612,0
401270,0
241616,0
16145,0
116275,0
326465,0
368697,0
126960,0
125561,0
182474,0
190362,0
400976,0
341515,0
301376,0
109629,0
271,0
124001,0
398854,0
113086,0
230465,0
76797,0
99603,0
236235,0
111482,0
64303,0
164609,0
25093,0
367298,0
342660,0
16732,0
234554,0
284036,0
238765,0
117079,0
392449,0
404229,0
292890,0
30601,0
113150,0
245091,0
377232,0
403380,0
260324,0
41132,0
141114,0
405590,0
95748,0
152594,0
172036,0
90426,0
165234,0
59913,0
227013,0
112690,0
99434,0
394569,0
87939,0
353264,0
138473,0
275223,0
72830,0
284614,0
241186,0
122284,0
87146,0
323849,0
108500,0
166930,0
249470,0
325262,0
215197,0
103387,0
391552,0
72146,0
21963,0
331367,0
403527,0
367821,0
131845,0
285463,0
166586,0
127643,0
67475,0
319044,0
128229,0
87577,0
127198,0
392153,0
298264,0
69509,0
119798,0
330361,0
252537,0
332509,0
87208,0
252078,0
273787,0
375897,0
217301,0
245588,0
11353,0
71944,0
254813,0
89431,0
380088,0
57603,0
361743,0
80995,0
208186,0
178205,0
60695,0
18603,0
601,0
55599,0
217288,0
288060,0
38011,0
237973,0
111086,0
167252,0
227371,0
396178,0
114596,0
339851,0
54196,0
246287,0
40850,0
328396,0
133006,0
351319,0
357857,0
293993,0
194585,0
131278,0
294066,0
69236,0
203898,0
405359,0
272312,0
385509,0
132208,0
410710,0
151323,0
366945,0
128783,0
228075,0
23662,0
122956,0
321145,0
231805,0
309206,0
48526,0
311099,0
323506,0
367057,0
44966,0
68274,0
179835,0
324862,0
340207,0
67246,0
343078,0
347891,0
137,0
166445,0
174720,0
200546,0
71292,0
146193,0
128008,0
14872,0
35304,0
117696,0
154452,0
37290,0
138836,0
120987,0
403677,0
252368,0
20269,0
393425,0
186192,0
375788,0
157348,0
268835,0
317558,0
388682,0
411015,0
409481,0
136962,0
108116,0
156600,0
95378,0
194131,0
329130,0
172521,0
264972,0
84859,0
14280,0
6964,0
58812,0
124536,0
282703,0
401922,0
36773,0
375626,0
73611,0
66343,0
286733,0
177386,0
165230,0
300157,0
41675,0
50144,0
323596,0
167424,0
344474,0
138440,0
60973,0
12159,0
31950,0
129626,0
362554,0
206169,0
83052,0
204389,0
295697,0
155258,0
214124,0
7823,0
161827,0
115013,0
308463,0
291820,0
248668,0
223056,0
290716,0
302878,0
230715,0
131444,0
42949,0
32968,0
116574,0
10259,0
89412,0
223498,0
320242,0
244327,0
87984,0
77893,0
12657,0
250988,0
393845,0
233176,0
45095,0
16818,0
363012,0
239313,0
179638,0
82813,0
55971,0
16941,0
397146,0
129208,0
178963,0
10480,0
221419,0
96973,0
276297,0
387777,0
135561,0
54,0
243402,0
117724,0
408508,0
244008,0
257155,0
385051,0
95751,0
146136,0
397365,0
245318,0
294557,0
408825,0
225009,0
21511,0
98432,0
302206,0
179818,0
6831,0
332970,0
365552,0
256716,0
73174,0
149121,0
178582,0
72322,0
261650,0
200229,0
402899,0
49716,0
147612,0
269561,0
330816,0
102162,0
251184,0
137403,0
148574,0
237895,0
286026,0
170231,0
338034,0
146010,0
311439,0
76940,0
120891,0
122441,0
212368,0
111506,0
323059,0
94808,0
259303,0
221057,0
97548,0
349269,0
52032,0
58888,0
106338,0
303139,0
303212,0
223592,0
256777,0
407851,0
120953,0
235567,0
201746,0
110206,0
65422,0
2451,0
184234,0
304359,0
244368,0
10108,0
139447,0
369745,0
228031,0
59022,0
3111,0
90954,0
256769,0
157419,0
43636,0
268934,0
45209,0
73746,0
255996,0
23602,0
228168,0
285138,0
54853,0
312267,0
363537,0
183845,0
220764,0
265902,0
221061,0
323807,0
199638,0
235923,0
115073,0
215560,0
211472,0
254906,0
373196,0
322899,0
97779,0
31515,0
365550,0
20134,0
407944,0
282941,0
77339,0
411271,0
266751,0
98753,0
303339,0
136473,0
35988,0
377802,0
182979,0
403391,0
60299,0
234809,0
372113,0
210000,0
99399,0
186400,0
338218,0
150698,0
48482,0
333786,0
85480,0
410349,0
244862,0
329145,0
411889,0
63652,0
325882,0
342494,0
376706,0
302725,0
278553,0
70180,0
302695,0
312210,0
95469,0
270735,0
262430,0
196246,0
33657,0
169349,0
85775,0
160610,0
236271,0
357958,0
369165,0
225150,0
215328,0
375188,0
329560,0
73290,0
231745,0
144988,0
68589,0
186917,0
278901,0
47905,0
351904,0
50221,0
277806,0
287124,0
287536,0
348749,0
235590,0
158370,0
373279,0
309485,0
168983,0
201140,0
335968,0
133747,0
257449,0
174082,0
80985,0
132070,0
249508,0
87995,0
355234,0
275510,0
408576,0
163585,0
1350,0
250414,0
185264,0
246288,0
331734,0
52545,0
111562,0
322226,0
286333,0
244380,0
125018,0
25502,0
169875,0
323353,0
367091,0
22358,0
272886,0
96560,0
370786,0
267413,0
234371,0
205741,0
166582,0
329418,0
86314,0
331968,0
194359,0
72047,0
113402,0
180757,0
221482,0
114116,0
55958,0
258160,0
330117,0
218839,0
201233,0
146155,0
322481,0
259903,0
114618,0
408881,0
76402,0
277434,0
198713,0
259677,0
171594,0
131641,0
187688,0
183416,0
62559,0
198472,0
53571,0
377073,0
235474,0
333458,0
226274,0
399184,0
172929,0
351126,0
83180,0
72570,0
204679,0
21823,0
356432,0
145901,0
229529,0
201969,0
90958,0
242455,0
105014,0
82197,0
346804,0
108945,0
366518,0
227531,0
404774,0
340545,0
393421,0
289504,0
66434,0
85736,0
133839,0
339621,0
50878,0
175557,0
147669,0
240989,0
144348,0
144320,0
296276,0
149998,0
114241,0
332703,0
295367,0
290890,0
119852,0
242336,0
3970,0
185225,0
411256,0
342597,0
108311,0
381736,0
213534,0
114155,0
69895,0
143871,0
146408,0
124002,0
216188,0
335083,0
188566,0
357546,0
183033,0
1805,0
260610,0
117632,0
36074,0
67737,0
142334,0
51630,0
297326,0
281912,0
132439,0
264053,0
201283,0
222895,0
363193,0
265798,0
384970,0
4520,0
306858,0
117253,0
140969,0
281048,0
318253,0
399649,0
29962,0
214112,0
6021,0
379091,0
242896,0
125684,0
95742,0
392981,0
177574,0
378008,0
214316,0
224379,0
76905,0
372075,0
356356,0
315367,0
334239,0
66315,0
211225,0
3338,0
296759,0
143130,0
273,0
64976,0
112789,0
23195,0
8669,0
200361,0
225918,0
13566,0
32794,0
388441,0
92509,0
356634,0
190208,0
92560,0
223621,0
55026,0
152977,0
297718,0
368362,0
138885,0
367126,0
161376,0
19880,0
216775,0
338270,0
223343,0
272764,0
274632,0
312869,0
222335,0
349184,0
220855,0
272361,0
99836,0
76624,0
79653,0
125631,0
277281,0
33807,0
236595,0
304242,0
355797,0
388232,0
28283,0
304174,0
215299,0
395462,0
296718,0
327081,0
284227,0
211171,0
300887,0
70308,0
74629,0
353662,0
222206,0
107715,0
2259,0
215886,0
406048,0
239019,0
326516,0
227746,0
290878,0
224185,0
399942,0
159411,0
117437,0
118423,0
83438,0
244447,0
25354,0
124395,0
293387,0
64066,0
115025,0
189102,0
304909,0
236729,0
368701,0
223798,0
203902,0
49750,0
373812,0
214769,0
1349,0
55137,0
327599,0
371202,0
393991,0
370573,0
68261,0
325341,0
131576,0
231922,0
200254,0
389472,0
149713,0
60193,0
309827,0
235090,0
319975,0
199817,0
407237,0
79242,0
156787,0
405532,0
270527,0
82776,0
340998,0
85981,0
29078,0
326622,0
404941,0
279282,0
175228,0
124221,0
402389,0
113985,0
105254,0
121599,0
56446,0
281443,0
256306,0
167856,0
124992,0
80215,0
74428,0
234227,0
120437,0
191841,0
319405,0
174093,0
3125,0
371985,0
229537,0
129025,0
252398,0
146185,0
237172,0
177642,0
222087,0
222112,0
160787,0
407469,0
408089,0
404619,0
124293,0
15857,0
269530,0
139448,0
291519,0
335722,0
189535,0
390653,0
199801,0
205353,0
295570,0
88169,0
82182,0
228105,0
154595,0
264559,0
67163,0
113087,0
42312,0
234285,0
403694,0
265479,0
170035,0
241435,0
411953,0
43738,0
159447,0
156556,0
158123,0
396022,0
211402,0
338967,0
402617,0
348165,0
192235,0
279450,0
216495,0
161882,0
406345,0
41863,0
208288,0
59058,0
366102,0
4788,0
228119,0
229132,0
313540,0
84056,0
72650,0
339517,0
125519,0
108679,0
241386,0
355463,0
205168,0
259883,0
84585,0
268302,0
59165,0
33554,0
235351,0
250821,0
346633,0
159801,0
356853,0
224566,0
271268,0
60278,0
286426,0
203249,0
394635,0
407481,0
196491,0
198110,0
355092,0
210482,0
60009,0
72464,0
382729,0
247985,0
97940,0
356083,0
266138,0
77555,0
48522,0
379633,0
100510,0
327909,0
244934,0
353154,0
153363,0
173832,0
262892,0
149437,0
46411,0
333649,0
218062,0
97272,0
192736,0
274314,0
357281,0
155485,0
227392,0
69528,0
364500,0
257933,0
274610,0
388017,0
26788,0
208782,0
45868,0
115986,0
181979,0
85831,0
62501,0
118233,0
125765,0
325322,0
75719,0
250676,0
225543,0
63113,0
45074,0
101895,0
24249,0
164473,0
27527,0
160925,0
12242,0
260925,0
314220,0
212050,0
201963,0
328998,0
140498,0
60621,0
271579,0
349560,0
259282,0
97767,0
333509,0
193649,0
214164,0
148668,0
362696,0
23128,0
18565,0
94150,0
395010,0
71359,0
54344,0
16361,0
42308,0
314737,0
222840,0
294569,0
286267,0
343440,0
263662,0
339334,0
252306,0
302080,0
294005,0
153500,0
380113,0
346308,0
25710,0
383943,0
53104,0
31810,0
870,0
320435,0
274441,0
154099,0
304554,0
176437,0
229198,0
94261,0
301881,0
202203,0
25970,0
266022,0
82023,0
411872,0
393243,0
377957,0
157973,0
66745,0
368141,0
176705,0
41966,0
142263,0
106334,0
221879,0
236009,0
65755,0
329559,0
36633,0
270787,0
249505,0
215624,0
21846,0
46607,0
117094,0
340966,0
396281,0
161326,0
50609,0
27691,0
307214,0
156874,0
268120,0
13982,0
99257,0
228333,0
408813,0
24205,0
194563,0
380790,0
96023,0
41668,0
194922,0
201476,0
48141,0
257798,0
263720,0
211896,0
3193,0
293557,0
322599,0
311690,0
148444,0
407823,0
321258,0
155107,0
65922,0
317806,0
307715,0
342849,0
283394,0
215040,0
151450,0
270418,0
223007,0
96515,0
325206,0
258434,0
376147,0
65032,0
191062,0
140675,0
165322,0
337524,0
236680,0
294096,0
87875,0
95355,0
104864,0
386192,0
24755,0
343657,0
220612,0
347638,0
180237,0
104733,0
317848,0
351789,0
19759,0
60076,0
269759,0
265342,0
366353,0
275693,0
28831,0
298064,0
166305,0
255593,0
225088,0
293944,0
27036,0
234349,0
186772,0
222681,0
41178,0
51528,0
25303,0
353200,0
31648,0
137705,0
203948,0
119702,0
176440,0
195781,0
41693,0
5174,0
347986,0
393753,0
337131,0
54363,0
204606,0
280315,0
176800,0
240724,0
152961,0
395950,0
311290,0
239337,0
289197,0
255034,0
270923,0
352348,0
141561,0
395049,0
160025,0
93904,0
115272,0
383143,0
50754,0
145010,0
391727,0
324820,0
117754,0
218050,0
301219,0
246875,0
34179,0
80060,0
325939,0
224202,0
80533,0
19516,0
177777,0
193801,0
367626,0
7155,0
144135,0
219770,0
262516,0
8714,0
293406,0
271694,0
343506,0
178537,0
45357,0
278412,0
11091,0
70560,0
260359,0
43228,0
243369,0
248278,0
159371,0
11431,0
201605,0
251683,0
381907,0
290986,0
235486,0
388208,0
17752,0
294590,0
270254,0
184267,0
236653,0
186726,0
56838,0
222215,0
131843,0
118951,0
276843,0
399388,0
24952,0
388818,0
283363,0
81566,0
226923,0
41983,0
370583,0
72472,0
16570,0
290223,0
405813,0
196980,0
322233,0
351208,0
40090,0
34849,0
138246,0
227879,0
77682,0
386235,0
224340,0
341312,0
39892,0
231233,0
170576,0
86644,0
355713,0
273016,0
363077,0
37339,0
337473,0
375627,0
397340,0
109864,0
220879,0
290126,0
110488,0
35840,0
325932,0
349084,0
218332,0
371660,0
254961,0
172222,0
162529,0
409578,0
411124,0
298876,0
224558,0
292883,0
305159,0
389283,0
282861,0
201547,0
128698,0
112368,0
78763,0
32236,0
299090,0
58476,0
105529,0
45705,0
85978,0
230266,0
16208,0
377492,0
157624,0
67774,0
177750,0
113474,0
86490,0
268456,0
283109,0
171945,0
62036,0
272826,0
203622,0
168538,0
286464,0
326972,0
267940,0
28586,0
73170,0
82514,0
273856,0
191923,0
344723,0
70728,0
245582,0
112756,0
404337,0
325162,0
114460,0
124362,0
114075,0
150169,0
36166,0
177399,0
176509,0
33594,0
173418,0
75939,0
49775,0
123096,0
399341,0
223510,0
177284,0
242788,0
123199,0
228609,0
37392,0
265316,0
157979,0
382546,0
13763,0
379129,0
156994,0
52322,0
217448,0
390991,0
125898,0
114322,0
246087,0
229812,0
342932,0
215135,0
250276,0
295716,0
100419,0
154719,0
220177,0
142591,0
186664,0
142799,0
100240,0
404461,0
332456,0
234494,0
3894,0
220956,0
195925,0
254990,0
96225,0
92125,0
53805,0
159506,0
122586,0
354975,0
32969,0
267585,0
12228,0
119842,0
408761,0
77570,0
45602,0
253854,0
254843,0
71891,0
137072,0
25766,0
3514,0
20425,0
128209,0
149712,0
387350,0
36354,0
203069,0
90620,0
44839,0
165532,0
105343,0
391160,0
119855,0
397306,0
73201,0
100648,0
141309,0
52726,0
263467,0
5622,0
177524,0
187527,0
118094,0
246009,0
140412,0
299743,0
624,0
172402,0
388655,0
307502,0
344947,0
14544,0
398729,0
84852,0
401400,0
151505,0
251753,0
202222,0
396875,0
318964,0
342132,0
20685,0
223726,0
234438,0
181869,0
406945,0
186354,0
156635,0
106697,0
31412,0
385603,0
272954,0
35311,0
190587,0
189302,0
108484,0
233045,0
235543,0
138794,0
28745,0
271098,0
5541,0
300477,0
379914,0
279101,0
304131,0
342874,0
305388,0
83537,0
108879,0
251528,0
172211,0
114464,0
284350,0
164597,0
57446,0
174005,0
234283,0
73518,0
169169,0
48752,0
265931,0
53005,0
174723,0
132992,0
375151,0
141941,0
316152,0
227743,0
18179,0
75632,0
304132,0
341337,0
220848,0
348242,0
176694,0
327358,0
273942,0
129919,0
61480,0
24090,0
67139,0
73211,0
241225,0
189420,0
23009,0
305259,0
236535,0
349280,0
173277,0
286858,0
76991,0
408988,0
147135,0
276655,0
98117,0
167351,0
84540,0
294165,0
309645,0
123282,0
87547,0
226827,0
405634,0
401948,0
172602,0
37793,0
366587,0
120072,0
318954,0
239782,0
94766,0
363175,0
383860,0
130850,0
319327,0
49533,0
148588,0
291495,0
20622,0
119943,0
176228,0
160660,0
145889,0
194164,0
387280,0
51936,0
205913,0
125417,0
276749,0
149773,0
135782,0
47369,0
93618,0
272278,0
54455,0
105072,0
130036,0
218672,0
319120,0
274256,0
300246,0
145788,0
256879,0
19532,0
334449,0
219472,0
52831,0
382365,0
231363,0
191548,0
207162,0
78025,0
199468,0
263940,0
122790,0
382614,0
376648,0
86088,0
346981,0
288836,0
26497,0
369319,0
119111,0
34185,0
240778,0
2816,0
395253,0
279075,0
404741,0
405601,0
268028,0
118800,0
45503,0
106701,0
202021,0
408644,0
117832,0
239007,0
24041,0
146003,0
174498,0
395039,0
178523,0
236314,0
345747,0
208094,0
39197,0
282603,0
302430,0
206472,0
176161,0
247203,0
126550,0
398191,0
383896,0
109938,0
14108,0
369966,0
75022,0
169638,0
30976,0
175061,0
327339,0
216274,0
321281,0
164085,0
203555,0
363041,0
262303,0
266390,0
179182,0
262722,0
103172,0
118810,0
327130,0
35699,0
52621,0
3928,0
391667,0
26134,0
408429,0
300296,0
291386,0
220922,0
190235,0
86220,0
255777,0
254890,0
240688,0
150179,0
309270,0
112650,0
140711,0
295060,0
32110,0
353912,0
141898,0
351899,0
158653,0
300416,0
104183,0
274729,0
28619,0
364434,0
218444,0
113537,0
266436,0
396015,0
205457,0
231979,0
342813,0
117869,0
227416,0
213622,0
137587,0
272282,0
199512,0
9106,0
75998,0
182029,0
286888,0
189553,0
221726,0
220049,0
51057,0
410857,0
295690,0
101884,0
8445,0
384867,0
87908,0
376316,0
172848,0
28088,0
159496,0
136356,0
78344,0
176421,0
27681,0
222704,0
84333,0
114672,0
197547,0
359371,0
235008,0
72624,0
163913,0
204990,0
348976,0
114713,0
100149,0
224453,0
296746,0
298299,0
72862,0
271533,0
156471,0
77810,0
105923,0
344776,0
140715,0
24278,0
201633,0
91173,0
55826,0
181848,0
141202,0
388077,0
244663,0
127823,0
141930,0
359384,0
33483,0
244161,0
321468,0
43902,0
37103,0
380678,0
61082,0
255943,0
323840,0
5158,0
23236,0
380894,0
93793,0
218596,0
192762,0
298587,0
48894,0
209832,0
229375,0
303316,0
30704,0
296481,0
3146,0
193567,0
204204,0
147835,0
275106,0
163577,0
285360,0
124434,0
43681,0
186809,0
150529,0
342709,0
276452,0
211204,0
174390,0
297194,0
351158,0
195034,0
38946,0
83635,0
395271,0
283133,0
228730,0
232056,0
167436,0
33525,0
217051,0
360186,0
343400,0
259350,0
244872,0
339698,0
236269,0
165881,0
217867,0
272038,0
240726,0
116267,0
205726,0
199540,0
204480,0
137274,0
221551,0
379894,0
257972,0
298010,0
193837,0
301667,0
353947,0
87298,0
378258,0
97713,0
61497,0
360606,0
9169,0
47241,0
87195,0
11836,0
196838,0
44962,0
325677,0
331307,0
82374,0
228353,0
169628,0
181505,0
154859,0
332502,0
39554,0
304549,0
307270,0
343406,0
119575,0
410744,0
148859,0
217991,0
10698,0
354935,0
220657,0
264768,0
102641,0
120627,0
361045,0
390906,0
311566,0
334363,0
33325,0
290052,0
34011,0
7120,0
388536,0
76977,0
222932,0
16898,0
331480,0
36176,0
22755,0
308653,0
43656,0
89553,0
271846,0
390050,0
102687,0
29292,0
364495,0
101722,0
49362,0
233355,0
19760,0
152361,0
332731,0
189965,0
278952,0
15175,0
224913,0
316000,0
130105,0
319935,0
382856,0
188294,0
118545,0
87380,0
341876,0
1138,0
121210,0
334334,0
191046,0
226744,0
100025,0
80994,0
207393,0
311088,0
189581,0
101833,0
247721,0
295950,0
1418,0
406206,0
94040,0
249055,0
192035,0
156230,0
359472,0
9029,0
8943,0
137501,0
186631,0
206134,0
133317,0
393369,0
88540,0
225057,0
164813,0
146127,0
133740,0
290681,0
48151,0
374510,0
128487,0
409213,0
70115,0
359422,0
61494,0
115654,0
67133,0
368373,0
111302,0
255546,0
27144,0
266450,0
312778,0
187257,0
131600,0
122557,0
355189,0
295931,0
403511,0
235146,0
381336,0
4203,0
8070,0
304743,0
88353,0
130057,0
383268,0
254587,0
237855,0
411852,0
285081,0
383235,0
260490,0
322621,0
271890,0
356955,0
260780,0
259725,0
312288,0
114450,0
276681,0
137043,0
349851,0
310249,0
82868,0
363508,0
50804,0
22848,0
189043,0
263466,0
315868,0
351790,0
284299,0
201581,0
345182,0
126399,0
368359,0
230538,0
311396,0
167355,0
313351,0
286644,0
68320,0
311640,0
78031,0
391822,0
238738,0
264605,0
304505,0
49165,0
368142,0
198449,0
131631,0
236090,0
196425,0
172562,0
266805,0
257897,0
116890,0
256484,0
190062,0
374268,0
120915,0
323566,0
36451,0
366096,0
127311,0
66339,0
267064,0
123381,0
72465,0
149865,0
317103,0
19731,0
352442,0
24924,0
129689,0
8019,0
318379,0
16042,0
181439,0
361208,0
82769,0
274656,0
58773,0
311618,0
93911,0
139203,0
75508,0
370592,0
236973,0
118484,0
147783,0
10086,0
211709,0
274169,0
351338,0
394727,0
259120,0
408181,0
214141,0
411312,0
186620,0
69322,0
271634,0
145948,0
396170,0
25342,0
81539,0
410041,0
144299,0
249223,0
295552,0
404161,0
9936,0
16661,0
84996,0
9218,0
342678,0
184920,0
399557,0
172348,0
269023,0
288168,0
223513,0
297087,0
235132,0
119864,0
278089,0
241848,0
170200,0
235298,0
24608,0
134149,0
376174,0
128277,0
331510,0
155673,0
55262,0
237618,0
86362,0
313927,0
360866,0
166132,0
46091,0
381203,0
357920,0
127376,0
106452,0
15577,0
296468,0
34610,0
389991,0
166248,0
147597,0
134410,0
151861,0
302268,0
315870,0
6984,0
269844,0
12833,0
29219,0
231147,0
192280,0
28600,0
40442,0
279803,0
273540,0
138083,0
139640,0
22075,0
403552,0
226898,0
226743,0
254736,0
385351,0
404302,0
214372,0
314241,0
334987,0
358362,0
269640,0
71814,0
43599,0
36260,0
327485,0
84699,0
166645,0
315674,0
42052,0
8832,0
341707,0
292203,0
409167,0
309733,0
45768,0
57527,0
284059,0
140129,0
58980,0
268805,0
245362,0
245635,0
141545,0
73607,0
314197,0
318895,0
319162,0
88651,0
366501,0
270684,0
304129,0
367782,0
309099,0
261652,0
375213,0
181220,0
354158,0
206322,0
193041,0
105581,0
298595,0
291433,0
131089,0
401599,0
7099,0
223670,0
239011,0
18083,0
35640,0
380663,0
68811,0
396136,0
179073,0
44329,0
323493,0
184521,0
75185,0
267518,0
129518,0
129236,0
197864,0
355369,0
389523,0
254914,0
363022,0
207672,0
374984,0
252176,0
79174,0
225113,0
226946,0
218488,0
70110,0
243348,0
8002,0
233540,0
250128,0
86462,0
32374,0
353859,0
198595,0
300677,0
387751,0
305263,0
214168,0
64765,0
292445,0
214628,0
275173,0
80191,0
374668,0
56126,0
232642,0
397004,0
320401,0
122375,0
159919,0
193654,0
34701,0
9959,0
43420,0
68474,0
211207,0
384487,0
290539,0
78065,0
51181,0
39941,0
397294,0
53318,0
356901,0
45212,0
23858,0
216305,0
155806,0
298273,0
365485,0
300090,0
265978,0
312565,0
123617,0
411949,0
199246,0
201866,0
3769,0
340304,0
237917,0
22311,0
142347,0
17552,0
251551,0
103520,0
278855,0
16265,0
58811,0
265064,0
208638,0
317387,0
261334,0
134215,0
301628,0
13237,0
254552,0
256762,0
241525,0
96911,0
153851,0
196642,0
3703,0
196252,0
277098,0
273043,0
1204,0
72298,0
211634,0
384816,0
16415,0
159013,0
98164,0
7750,0
61564,0
25908,0
232276,0
220910,0
27703,0
30902,0
311160,0
226247,0
223683,0
205482,0
381677,0
320438,0
395068,0
205526,0
401245,0
79415,0
114380,0
306652,0
196761,0
400543,0
218938,0
114504,0
301864,0
292447,0
110969,0
121881,0
259473,0
144879,0
111522,0
163000,0
28094,0
362791,0
402287,0
300263,0
341759,0
40156,0
285465,0
143105,0
57260,0
394973,0
254908,0
101018,0
111471,0
182667,0
143686,0
182482,0
270738,0
89139,0
280494,0
100384,0
151659,0
356716,0
399090,0
2920,0
119727,0
304296,0
144169,0
166585,0
42288,0
61553,0
202247,0
277110,0
79291,0
349091,0
149730,0
175479,0
117081,0
372138,0
206788,0
228458,0
210494,0
180395,0
40356,0
275923,0
283383,0
62681,0
323968,0
251488,0
167932,0
217727,0
346012,0
83390,0
53963,0
124848,0
201465,0
142235,0
119777,0
371022,0
354703,0
411393,0
250377,0
49206,0
292105,0
286985,0
311046,0
43339,0
171428,0
114363,0
212334,0
311092,0
145286,0
393590,0
16049,0
364382,0
57300,0
32434,0
117209,0
263682,0
300305,0
39365,0
31138,0
325924,0
206393,0
405464,0
362992,0
401633,0
231647,0
159392,0
37735,0
275842,0
162753,0
206546,0
133629,0
77831,0
256742,0
298836,0
110965,0
40010,0
147395,0
83196,0
123316,0
201771,0
83007,0
56832,0
80668,0
74080,0
60105,0
106778,0
385486,0
250856,0
151209,0
34036,0
190801,0
366163,0
23010,0
131437,0
135513,0
96932,0
15305,0
361879,0
20415,0
137385,0
343623,0
170342,0
380378,0
138606,0
234579,0
160287,0
325035,0
57550,0
107960,0
52442,0
265327,0
87402,0
379681,0
245544,0
252182,0
193063,0
341363,0
205039,0
313836,0
380344,0
303581,0
375594,0
181590,0
339267,0
32253,0
237451,0
334892,0
378054,0
153775,0
411583,0
270989,0
48882,0
392986,0
41479,0
121932,0
248519,0
220936,0
51731,0
220147,0
199289,0
238679,0
58513,0
286153,0
38812,0
383162,0
263693,0
97376,0
43566,0
155913,0
28233,0
314702,0
319003,0
101671,0
226000,0
171407,0
405904,0
271326,0
44686,0
289949,0
302057,0
26794,0
7533,0
192228,0
111872,0
320073,0
404000,0
45632,0
373519,0
23744,0
177826,0
284327,0
286869,0
94130,0
411921,0
27723,0
56661,0
295024,0
348117,0
272499,0
168777,0
331375,0
52104,0
313592,0
325388,0
91067,0
165206,0
404526,0
233126,0
94679,0
288671,0
139706,0
346791,0
310795,0
11073,0
131274,0
38897,0
51762,0
166670,0
80594,0
6432,0
364011,0
181755,0
51380,0
162405,0
201887,0
317293,0
250987,0
104429,0
34124,0
190983,0
304261,0
137558,0
70451,0
360455,0
125297,0
395683,0
367887,0
266644,0
130263,0
219886,0
121090,0
182596,0
81327,0
86670,0
248267,0
228111,0
250924,0
220387,0
284494,0
281109,0
118445,0
194264,0
22147,0
328167,0
78851,0
34291,0
281930,0
51977,0
198936,0
319291,0
30234,0
80218,0
2751,0
293773,0
104406,0
370585,0
298141,0
373565,0
213300,0
77527,0
310600,0
367963,0
134849,0
251463,0
12206,0
249362,0
397972,0
165546,0
134397,0
58956,0
403987,0
354017,0
157506,0
199703,0
22062,0
363264,0
226342,0
260471,0
82208,0
292383,0
266745,0
294124,0
2793,0
132290,0
258633,0
199271,0
217741,0
67676,0
396061,0
264413,0
349374,0
253395,0
377680,0
376402,0
388069,0
239911,0
15334,0
351810,0
127517,0
266790,0
393306,0
36277,0
229553,0
382845,0
405858,0
120646,0
350743,0
379496,0
212573,0
242527,0
104916,0
44171,0
235635,0
354015,0
37739,0
18131,0
134304,0
262308,0
234268,0
271636,0
409891,0
295915,0
330818,0
380890,0
242730,0
158025,0
45188,0
235874,0
279314,0
229436,0
149494,0
185788,0
248282,0
214328,0
272037,0
21942,0
276805,0
48749,0
221663,0
115217,0
182229,0
285027,0
348521,0
241744,0
159460,0
64055,0
236233,0
352804,0
364173,0
169580,0
266752,0
4579,0
372783,0
249904,0
62319,0
149254,0
132486,0
25623,0
175733,0
279106,0
87343,0
125411,0
281174,0
229946,0
151458,0
25886,0
353690,0
254892,0
99519,0
385000,0
391345,0
228122,0
195297,0
92065,0
120741,0
354649,0
357100,0
139215,0
272472,0
125566,0
76093,0
143127,0
221423,0
237183,0
244651,0
215422,0
227402,0
390017,0
187237,0
254828,0
315625,0
331528,0
55931,0
387025,0
291728,0
365998,0
8179,0
202271,0
263949,0
244837,0
30285,0
352809,0
119642,0
354875,0
14768,0
411205,0
30826,0
411963,0
2903,0
204033,0
147445,0
33515,0
386384,0
201591,0
141581,0
127255,0
106361,0
102791,0
208702,0
359569,0
103437,0
197151,0
403436,0
352218,0
367737,0
164322,0
127897,0
157898,0
13617,0
12552,0
51170,0
95437,0
114434,0
387660,0
151125,0
203062,0
165067,0
214218,0
9102,0
237953,0
388925,0
393558,0
399643,0
8405,0
225123,0
401636,0
133482,0
212358,0
370026,0
125766,0
320,0
367966,0
399457,0
303367,0
30145,0
122260,0
334606,0
314758,0
296231,0
61084,0
404688,0
229144,0
228903,0
376112,0
164863,0
387222,0
13706,0
410778,0
242340,0
57265,0
314178,0
305933,0
4848,0
281328,0
304522,0
114470,0
399759,0
245336,0
334140,0
162092,0
243735,0
147969,0
333825,0
27037,0
19796,0
117268,0
153015,0
45419,0
80134,0
192069,0
175225,0
213428,0
90368,0
286802,0
344107,0
248455,0
391587,0
349869,0
196132,0
2025,0
106842,0
155204,0
52530,0
89567,0
298669,0
176350,0
13188,0
156477,0
184352,0
215973,0
189695,0
136485,0
126484,0
345783,0
122511,0
239645,0
96713,0
18021,0
410162,0
240719,0
6078,0
78723,0
287025,0
127996,0
161155,0
197048,0
379329,0
379683,0
377097,0
255620,0
158043,0
216597,0
145693,0
156985,0
318832,0
255748,0
311206,0
35705,0
62187,0
87982,0
370619,0
226263,0
143820,0
212547,0
147242,0
229345,0
410843,0
338768,0
97374,0
221282,0
25397,0
67150,0
312896,0
287516,0
392015,0
300207,0
32795,0
289865,0
51363,0
123234,0
112473,0
6744,0
303047,0
75976,0
45748,0
355857,0
285995,0
144364,0
96958,0
28920,0
76235,0
210200,0
231191,0
391352,0
363411,0
339452,0
154675,0
34959,0
148214,0
75078,0
410260,0
196580,0
261420,0
358011,0
132713,0
256621,0
289768,0
302354,0
85673,0
186580,0
204592,0
406887,0
264919,0
232148,0
14092,0
337460,0
121281,0
150644,0
408987,0
399813,0
350127,0
130698,0
287599,0
227846,0
199792,0
36148,0
409447,0
389911,0
349755,0
269937,0
192956,0
88519,0
269740,0
51223,0
256104,0
165150,0
43246,0
392715,0
22361,0
214149,0
350522,0
392509,0
9010,0
4156,0
311845,0
383399,0
201897,0
237894,0
73214,0
246585,0
374469,0
189868,0
278334,0
151721,0
51353,0
275475,0
316417,0
130081,0
73496,0
254199,0
402582,0
151038,0
368996,0
347590,0
307436,0
390023,0
60213,0
293244,0
105016,0
340472,0
320228,0
267618,0
77643,0
255472,0
9996,0
403221,0
22209,0
169295,0
161810,0
262793,0
348621,0
39959,0
315322,0
381326,0
25624,0
169721,0
5285,0
225943,0
380655,0
335806,0
126069,0
342917,0
27923,0
150431,0
231842,0
113852,0
32488,0
167330,0
309068,0
123093,0
189567,0
240276,0
399641,0
372157,0
298896,0
352337,0
66849,0
383072,0
366628,0
189014,0
114506,0
267683,0
73295,0
132687,0
349233,0
215238,0
290047,0
192649,0
65668,0
266721,0
199309,0
336410,0
29385,0
110793,0
86066,0
167406,0
20892,0
254895,0
406790,0
87889,0
344848,0
130984,0
347679,0
73808,0
346058,0
392313,0
242669,0
117849,0
4076,0
404096,0
267451,0
236407,0
159104,0
4166,0
184621,0
64951,0
104433,0
380943,0
287627,0
343021,0
90003,0
260039,0
250485,0
245718,0
73995,0
206937,0
206727,0
242717,0
407031,0
59329,0
182593,0
49588,0
30178,0
18206,0
89940,0
214537,0
286801,0
163578,0
106262,0
318398,0
398176,0
395269,0
268947,0
61406,0
335534,0
35859,0
14759,0
27744,0
45410,0
258337,0
222803,0
54530,0
248772,0
388246,0
364586,0
297886,0
396639,0
52300,0
36323,0
20420,0
364132,0
252250,0
170811,0
128513,0
70463,0
316238,0
197909,0
174791,0
5645,0
342588,0
226078,0
185764,0
386526,0
223107,0
163798,0
350924,0
353785,0
97066,0
94843,0
84598,0
115412,0
266728,0
129584,0
107229,0
273638,0
74572,0
119715,0
292229,0
73109,0
330240,0
135613,0
368526,0
192465,0
175119,0
246148,0
322314,0
135361,0
407074,0
219222,0
262125,0
95416,0
262235,0
345705,0
257660,0
190465,0
361564,0
78503,0
237521,0
275087,0
171188,0
349512,0
369594,0
296322,0
381998,0
25946,0
37463,0
155122,0
676,0
233892,0
98069,0
263444,0
13849,0
317595,0
37833,0
218505,0
158207,0
378780,0
268444,0
91420,0
262502,0
156964,0
389880,0
379957,0
187396,0
253567,0
129507,0
41372,0
306418,0
389055,0
349485,0
225319,0
50184,0
255527,0
162338,0
109484,0
382187,0
63444,0
230069,0
13983,0
194560,0
304863,0
217240,0
5977,0
277725,0
94667,0
294917,0
117016,0
41576,0
18918,0
100248,0
198037,0
2487,0
110334,0
196210,0
320798,0
334963,0
21933,0
320772,0
162625,0
104978,0
66391,0
226145,0
163830,0
340025,0
409893,0
55946,0
297501,0
346382,0
247005,0
377933,0
220352,0
267385,0
35601,0
114873,0
250823,0
61295,0
309889,0
165511,0
226997,0
239664,0
323829,0
334322,0
19024,0
329699,0
94502,0
54812,0
171115,0
344022,0
404784,0
325776,0
236929,0
138733,0
1315,0
304857,0
317787,0
332590,0
287790,0
170154,0
248306,0
241610,0
219426,0
295422,0
386670,0
334230,0
239823,0
60191,0
155825,0
35532,0
4905,0
201700,0
180595,0
172711,0
98990,0
126340,0
240446,0
185071,0
281003,0
381412,0
405895,0
24865,0
371554,0
36877,0
326138,0
183716,0
399930,0
157823,0
247110,0
291958,0
223143,0
269426,0
290568,0
319116,0
327595,0
227662,0
238647,0
147502,0
365546,0
165032,0
18596,0
59122,0
341727,0
228744,0
358422,0
227690,0
175123,0
210843,0
57430,0
336193,0
275772,0
385449,0
388068,0
20447,0
59043,0
124127,0
333832,0
94949,0
165831,0
104989,0
192137,0
348804,0
396378,0
73360,0
394929,0
146188,0
88925,0
231825,0
239097,0
323330,0
216434,0
27303,0
200043,0
410476,0
145634,0
131684,0
185895,0
110182,0
20574,0
200712,0
265088,0
216378,0
363313,0
211812,0
286144,0
183003,0
4809,0
26812,0
301799,0
162961,0
320677,0
263671,0
255069,0
47726,0
23983,0
267424,0
241951,0
115099,0
49061,0
216398,0
409110,0
107105,0
333905,0
376657,0
402270,0
221922,0
153269,0
133823,0
22422,0
408522,0
352879,0
31362,0
39094,0
288751,0
151233,0
384945,0
296774,0
363346,0
166111,0
85153,0
212202,0
169286,0
78850,0
282765,0
412018,0
386669,0
351779,0
214368,0
311541,0
368621,0
70659,0
98735,0
87197,0
203333,0
294998,0
182083,0
335950,0
137015,0
45459,0
220680,0
212969,0
403633,0
46979,0
319511,0
354454,0
249191,0
84882,0
192887,0
407534,0
95204,0
286289,0
283361,0
162227,0
347479,0
137604,0
112411,0
356078,0
11513,0
72987,0
260280,0
201313,0
123338,0
73080,0
71703,0
288494,0
191972,0
130019,0
305095,0
168437,0
255805,0
306711,0
360822,0
294930,0
199603,0
240415,0
256979,0
117033,0
353071,0
28208,0
406876,0
167548,0
200268,0
258690,0
227571,0
156819,0
118266,0
158985,0
2973,0
285890,0
60506,0
56962,0
94231,0
346377,0
404537,0
114824,0
303536,0
36776,0
168581,0
186419,0
113577,0
330129,0
174212,0
308862,0
93827,0
43479,0
247578,0
162927,0
165089,0
245938,0
224337,0
223935,0
26213,0
16448,0
136073,0
369604,0
254634,0
215413,0
389888,0
227672,0
64884,0
225397,0
200713,0
173697,0
320821,0
209796,0
380173,0
18828,0
48613,0
214723,0
317122,0
180430,0
131818,0
289985,0
27173,0
124322,0
152421,0
402020,0
325830,0
33180,0
212124,0
75337,0
317720,0
74128,0
297266,0
109847,0
332305,0
175309,0
371473,0
134610,0
343855,0
141974,0
301535,0
311531,0
390160,0
226271,0
164187,0
129824,0
149377,0
385731,0
7771,0
237980,0
162103,0
391022,0
193223,0
182138,0
266,0
359182,0
327105,0
264444,0
181730,0
130314,0
298131,0
320906,0
230383,0
86572,0
44058,0
327735,0
20433,0
127640,0
13821,0
152232,0
300311,0
381221,0
216010,0
308536,0
376515,0
62868,0
48853,0
325715,0
184794,0
264165,0
393833,0
87316,0
247993,0
220974,0
16280,0
203222,0
137535,0
163106,0
230407,0
45110,0
45709,0
365475,0
155478,0
225416,0
254651,0
406810,0
25628,0
371900,0
282710,0
190506,0
79898,0
325017,0
2,0
174441,0
160408,0
349785,0
123883,0
153027,0
190686,0
192560,0
338757,0
278056,0
176755,0
187899,0
239475,0
368119,0
138124,0
81886,0
198556,0
224274,0
121005,0
158681,0
77614,0
213431,0
285042,0
203221,0
19565,0
265174,0
169600,0
180854,0
324913,0
6953,0
34955,0
27054,0
351809,0
356145,0
401091,0
327318,0
206631,0
389192,0
24068,0
62917,0
405979,0
21639,0
271256,0
337200,0
145160,0
89815,0
31675,0
195497,0
263902,0
399125,0
380770,0
44635,0
237915,0
328318,0
164244,0
256174,0
229176,0
411868,0
156083,0
213083,0
114150,0
25611,0
87416,0
368151,0
22530,0
394911,0
341595,0
178906,0
341671,0
228142,0
216363,0
361531,0
1843,0
17490,0
46375,0
17223,0
248744,0
192469,0
350409,0
356572,0
335520,0
319136,0
107808,0
166455,0
357434,0
221444,0
48598,0
141877,0
34737,0
257285,0
378605,0
307599,0
114858,0
173002,0
119436,0
319370,0
184702,0
232088,0
182460,0
346234,0
145972,0
371834,0
103686,0
230326,0
284100,0
258510,0
201781,0
259136,0
240628,0
46668,0
308720,0
277522,0
73721,0
102111,0
258979,0
49343,0
304440,0
316139,0
122100,0
175256,0
61754,0
359816,0
37861,0
384548,0
344696,0
204859,0
26847,0
24242,0
36412,0
153073,0
360325,0
25567,0
272824,0
290538,0
188233,0
130710,0
80960,0
145241,0
254462,0
259552,0
312581,0
42485,0
154006,0
379353,0
119348,0
175443,0
377931,0
208830,0
57334,0
132737,0
250613,0
49714,0
411056,0
147020,0
117747,0
36948,0
350453,0
80339,0
38853,0
31537,0
59418,0
178956,0
3009,0
248380,0
139766,0
258787,0
94021,0
290621,0
243839,0
263242,0
330883,0
366264,0
284720,0
3042,0
230319,0
6315,0
9496,0
243523,0
351153,0
235804,0
164593,0
255210,0
338116,0
269382,0
303572,0
121975,0
338442,0
167303,0
114697,0
278419,0
90595,0
21964,0
244707,0
160050,0
241909,0
116480,0
16903,0
310457,0
123904,0
94958,0
170978,0
340163,0
44567,0
248426,0
335373,0
116502,0
107757,0
250383,0
194269,0
300701,0
13510,0
350874,0
209634,0
21889,0
5821,0
33135,0
65962,0
270123,0
89880,0
246925,0
327710,0
382603,0
219915,0
136234,0
312748,0
45407,0
223860,0
248628,0
71109,0
98953,0
289998,0
216031,0
123944,0
299910,0
158611,0
266927,0
35494,0
124120,0
360681,0
91184,0
85896,0
77315,0
381210,0
303881,0
43237,0
138966,0
125490,0
173640,0
54325,0
302820,0
208811,0
6404,0
24885,0
190666,0
262648,0
230874,0
280709,0
26660,0
329041,0
334668,0
68433,0
405887,0
199994,0
305144,0
401101,0
143284,0
304460,0
91127,0
326447,0
103977,0
394847,0
30508,0
244427,0
83339,0
332232,0
252502,0
174786,0
307658,0
80074,0
404247,0
213937,0
51616,0
148354,0
315769,0
225142,0
32356,0
201531,0
130730,0
62736,0
360399,0
317949,0
120461,0
188952,0
189697,0
103440,0
81989,0
76528,0
381045,0
329858,0
178165,0
68998,0
363220,0
41114,0
281127,0
502,0
18366,0
79184,0
234047,0
135518,0
156808,0
124038,0
209507,0
266975,0
130159,0
248255,0
216158,0
310137,0
365173,0
223338,0
40742,0
241490,0
220532,0
372303,0
36405,0
403711,0
295284,0
43315,0
374063,0
211037,0
155641,0
1513,0
142945,0
284643,0
193035,0
352010,0
391139,0
188919,0
78137,0
358185,0
153754,0
315385,0
109528,0
321245,0
101901,0
247539,0
317843,0
321299,0
203398,0
71002,0
131908,0
114601,0
154883,0
291241,0
147377,0
102097,0
79693,0
349950,0
62171,0
225786,0
24992,0
83397,0
217762,0
43004,0
35622,0
340311,0
129723,0
325540,0
108848,0
344841,0
305916,0
330465,0
284108,0
269943,0
347766,0
122714,0
318623,0
79189,0
58737,0
281165,0
39741,0
16919,0
13556,0
64706,0
345965,0
261766,0
72042,0
163596,0
281985,0
323401,0
144889,0
334552,0
295216,0
152334,0
215503,0
123785,0
80727,0
397809,0
205737,0
86294,0
130880,0
45833,0
10443,0
46951,0
286686,0
70159,0
265639,0
322171,0
406584,0
270736,0
375253,0
32890,0
214198,0
223680,0
192083,0
154230,0
165070,0
211430,0
401255,0
286465,0
220971,0
346678,0
152500,0
61797,0
318142,0
306919,0
136915,0
31987,0
166454,0
288906,0
319401,0
16938,0
47949,0
191309,0
223357,0
7904,0
233393,0
161110,0
317548,0
328091,0
23816,0
292636,0
132984,0
155904,0
2972,0
215999,0
94439,0
392158,0
404553,0
72574,0
244188,0
83247,0
288329,0
331444,0
318192,0
331743,0
364181,0
359844,0
306027,0
87958,0
363320,0
234936,0
380782,0
233636,0
319077,0
249082,0
145437,0
392992,0
158337,0
297550,0
289889,0
389564,0
224875,0
377990,0
401767,0
340732,0
140191,0
110978,0
28242,0
393024,0
324174,0
276677,0
334650,0
223769,0
127149,0
385470,0
72926,0
180729,0
261144,0
404927,0
320551,0
281211,0
302692,0
177451,0
76264,0
52449,0
389649,0
345543,0
129764,0
36000,0
134145,0
322610,0
213577,0
368170,0
394615,0
125516,0
253240,0
56058,0
279031,0
341840,0
411842,0
259167,0
251371,0
184300,0
22720,0
304161,0
214847,0
267351,0
330271,0
146232,0
214535,0
355551,0
268823,0
297726,0
136878,0
169398,0
156258,0
163397,0
215356,0
198619,0
309237,0
80588,0
256949,0
253126,0
221018,0
294352,0
7008,0
384374,0
213566,0
296264,0
71081,0
361610,0
322025,0
124798,0
341388,0
282609,0
364300,0
252479,0
33687,0
400973,0
62846,0
171571,0
97815,0
178944,0
349822,0
46642,0
361750,0
122482,0
208949,0
335975,0
84186,0
142959,0
367310,0
38552,0
329165,0
394675,0
275717,0
160175,0
332387,0
306889,0
131621,0
270528,0
157002,0
197532,0
24929,0
126757,0
403028,0
219483,0
147444,0
211439,0
309113,0
364130,0
271647,0
328618,0
341839,0
283453,0
73634,0
38498,0
201559,0
25355,0
221739,0
313171,0
356732,0
173154,0
244733,0
387218,0
326510,0
240328,0
12028,0
103286,0
373057,0
261354,0
1817,0
407685,0
234067,0
284512,0
131167,0
341317,0
276238,0
192613,0
113459,0
73450,0
335904,0
185875,0
347367,0
144159,0
142248,0
194336,0
290677,0
1918,0
116293,0
13535,0
227809,0
107928,0
2177,0
294812,0
177031,0
351832,0
77882,0
99485,0
33243,0
248493,0
218784,0
354848,0
21005,0
276897,0
66163,0
66887,0
159974,0
368144,0
22786,0
321707,0
59750,0
175850,0
169099,0
300121,0
193638,0
209428,0
228618,0
195144,0
25231,0
99678,0
288478,0
201298,0
153263,0
202250,0
97279,0
221387,0
408306,0
219476,0
174553,0
399812,0
363760,0
225308,0
217939,0
98923,0
316175,0
221068,0
206211,0
84584,0
54683,0
287647,0
114941,0
54059,0
7821,0
280246,0
330066,0
119923,0
86430,0
126980,0
66657,0
299187,0
411932,0
13070,0
302737,0
68886,0
16873,0
96198,0
137142,0
394368,0
223730,0
6632,0
272470,0
208222,0
25282,0
362524,0
146028,0
154599,0
199227,0
31928,0
372116,0
340804,0
27414,0
277318,0
368106,0
361484,0
379704,0
249727,0
146529,0
108198,0
91455,0
276793,0
80784,0
302118,0
71833,0
291867,0
141720,0
347313,0
216521,0
44174,0
395289,0
309853,0
282495,0
89531,0
390458,0
240636,0
382240,0
241131,0
312894,0
109260,0
283602,0
163883,0
411593,0
148175,0
184189,0
112286,0
356104,0
54913,0
368189,0
181636,0
371067,0
138935,0
255364,0
121680,0
7792,0
150297,0
319229,0
406855,0
85343,0
77845,0
266858,0
353578,0
148744,0
202639,0
241519,0
376283,0
4080,0
264537,0
389580,0
171320,0
21137,0
400622,0
139647,0
105271,0
381242,0
287856,0
356053,0
146580,0
254554,0
292207,0
69396,0
338371,0
180101,0
114329,0
148746,0
213706,0
217707,0
167212,0
303302,0
122774,0
36724,0
292141,0
66664,0
88669,0
346807,0
335510,0
408584,0
278053,0
180903,0
164021,0
192353,0
246161,0
215437,0
112845,0
119895,0
71921,0
13112,0
215143,0
274298,0
347302,0
326956,0
8457,0
290104,0
323508,0
1589,0
154051,0
8520,0
248466,0
254290,0
261658,0
34444,0
400630,0
19868,0
215998,0
20066,0
375053,0
326977,0
279465,0
396162,0
356118,0
383021,0
409465,0
58788,0
90935,0
78884,0
111541,0
35157,0
78011,0
181699,0
401140,0
128288,0
231496,0
151452,0
11778,0
223914,0
125576,0
279184,0
215738,0
269200,0
356041,0
70733,0
177459,0
105625,0
279219,0
276040,0
268741,0
408649,0
353040,0
11701,0
10926,0
329197,0
140991,0
137769,0
155186,0
118520,0
210484,0
232695,0
134114,0
44718,0
285566,0
395622,0
377824,0
358135,0
186791,0
72959,0
42737,0
41211,0
98030,0
120001,0
253214,0
109511,0
283239,0
236842,0
318944,0
205996,0
152650,0
96764,0
171621,0
215435,0
342557,0
264305,0
172075,0
17173,0
34865,0
332697,0
170410,0
9100,0
106706,0
341795,0
252841,0
153979,0
223430,0
289876,0
337784,0
10959,0
170617,0
14117,0
253235,0
240417,0
45022,0
169260,0
179273,0
370313,0
231918,0
131149,0
243822,0
8436,0
308650,0
145913,0
41199,0
303191,0
53442,0
2480,0
356467,0
148932,0
342211,0
160902,0
192627,0
80544,0
340380,0
50659,0
207594,0
314339,0
1988,0
286013,0
411247,0
368240,0
273991,0
162319,0
69112,0
254533,0
341398,0
409453,0
96754,0
33127,0
331557,0
37003,0
374845,0
49280,0
306017,0
379545,0
34365,0
385211,0
66087,0
202284,0
2761,0
368765,0
132885,0
178532,0
57345,0
146192,0
5931,0
339223,0
248223,0
127173,0
32729,0
5850,0
314144,0
140163,0
325584,0
21183,0
23114,0
368337,0
365744,0
387215,0
186121,0
97583,0
346156,0
398586,0
295482,0
123536,0
270419,0
53561,0
254857,0
145925,0
222296,0
136754,0
207691,0
410923,0
274647,0
384599,0
42850,0
33584,0
112405,0
69822,0
35950,0
264145,0
371708,0
394519,0
45747,0
54924,0
229664,0
183886,0
57684,0
348329,0
76097,0
393866,0
396837,0
373215,0
67937,0
290274,0
267299,0
16491,0
406367,0
228441,0
376291,0
240814,0
246840,0
321108,0
302119,0
122856,0
48836,0
224428,0
113279,0
78638,0
142373,0
124629,0
68499,0
150177,0
283362,0
17957,0
44353,0
144607,0
244999,0
223638,0
275027,0
213161,0
19051,0
33052,0
318822,0
8503,0
393329,0
222195,0
169118,0
389836,0
153569,0
359997,0
27773,0
274698,0
33612,0
309973,0
51378,0
169102,0
180514,0
352045,0
10093,0
193761,0
327477,0
149006,0
264876,0
217583,0
126320,0
82025,0
305404,0
182210,0
33813,0
156124,0
92337,0
259626,0
221209,0
183875,0
409221,0
290519,0
397869,0
161846,0
111771,0
336636,0
366070,0
343312,0
301124,0
367616,0
288173,0
121585,0
181821,0
393013,0
263867,0
65503,0
372885,0
194903,0
228326,0
353241,0
133947,0
121051,0
274243,0
30456,0
168855,0
321969,0
121062,0
11723,0
367092,0
120051,0
280832,0
320814,0
360219,0
207183,0
6675,0
7534,0
34146,0
113435,0
195728,0
201812,0
246030,0
386109,0
179806,0
245776,0
363968,0
57229,0
375507,0
405873,0
271992,0
98846,0
114326,0
31186,0
309571,0
290754,0
332660,0
350660,0
168450,0
194479,0
69689,0
61516,0
222970,0
117128,0
284323,0
281789,0
40073,0
151485,0
209753,0
190602,0
298540,0
5886,0
152667,0
36850,0
31710,0
150934,0
371591,0
62032,0
269142,0
342864,0
373320,0
128552,0
338543,0
141144,0
277223,0
51603,0
354922,0
352631,0
68785,0
308431,0
70979,0
337196,0
68801,0
322878,0
225316,0
20869,0
81255,0
50614,0
298081,0
120055,0
84718,0
84711,0
379136,0
400693,0
87839,0
136924,0
219528,0
393005,0
145832,0
137773,0
267208,0
254256,0
44706,0
277467,0
229680,0
54428,0
155940,0
181048,0
237892,0
63104,0
336716,0
138457,0
233786,0
359977,0
100931,0
249245,0
384501,0
133904,0
45193,0
379368,0
36268,0
317430,0
254865,0
68539,0
276599,0
212765,0
120598,0
202796,0
172745,0
22885,0
238848,0
380958,0
34355,0
199609,0
362578,0
231533,0
255905,0
378529,0
176716,0
352801,0
183742,0
196248,0
290628,0
287399,0
226683,0
107873,0
133080,0
338443,0
82911,0
138589,0
15593,0
78228,0
262972,0
303741,0
124857,0
373689,0
129640,0
30209,0
345513,0
341877,0
59119,0
35927,0
130480,0
398367,0
7854,0
249115,0
261683,0
136877,0
185933,0
320957,0
140692,0
8302,0
134274,0
368270,0
149851,0
78854,0
47856,0
95091,0
293468,0
313818,0
365540,0
394559,0
159141,0
367620,0
270078,0
375537,0
386207,0
137800,0
230056,0
214313,0
86070,0
332291,0
187519,0
352611,0
88418,0
252689,0
332060,0
399903,0
172649,0
380413,0
103976,0
268832,0
149054,0
254330,0
82142,0
161345,0
79283,0
68304,0
398821,0
305379,0
377643,0
207390,0
188005,0
10679,0
354830,0
404691,0
332419,0
175353,0
50934,0
233177,0
227745,0
130013,0
103060,0
140664,0
71043,0
336986,0
348141,0
394411,0
105713,0
296967,0
207129,0
271068,0
368368,0
34808,0
399004,0
397725,0
354820,0
47793,0
301041,0
256366,0
129665,0
184808,0
237711,0
117756,0
47065,0
181880,0
14364,0
151083,0
31507,0
287905,0
78017,0
239153,0
194364,0
19018,0
383707,0
157094,0
86118,0
187067,0
100029,0
157253,0
240924,0
32608,0
375015,0
289409,0
310099,0
186210,0
63198,0
300018,0
178507,0
163746,0
279335,0
86781,0
60295,0
57090,0
194075,0
390990,0
183073,0
177229,0
398368,0
403434,0
64918,0
292821,0
312573,0
122183,0
368699,0
368741,0
187936,0
228786,0
146148,0
268680,0
122090,0
149861,0
379776,0
78159,0
272263,0
138412,0
63981,0
97028,0
392299,0
2491,0
335503,0
88664,0
218160,0
27660,0
193592,0
403884,0
166775,0
3516,0
129616,0
65256,0
64364,0
45372,0
410883,0
376730,0
159178,0
162930,0
400297,0
309345,0
45186,0
215370,0
107650,0
385369,0
153192,0
399815,0
131560,0
407002,0
313193,0
172191,0
19611,0
295499,0
367544,0
241053,0
212407,0
77646,0
258917,0
145734,0
319298,0
342477,0
292064,0
175239,0
411702,0
334415,0
287301,0
84034,0
89423,0
210831,0
403701,0
62771,0
152861,0
353117,0
26952,0
38004,0
293668,0
207737,0
201152,0
211051,0
361413,0
343094,0
406708,0
8802,0
174279,0
225744,0
241242,0
334059,0
92537,0
394100,0
349274,0
101703,0
175043,0
356277,0
44368,0
364637,0
233286,0
210946,0
400022,0
58052,0
74210,0
64365,0
112330,0
297115,0
221963,0
371744,0
369450,0
215553,0
375510,0
411942,0
279534,0
208268,0
269464,0
167310,0
14119,0
13804,0
336130,0
322242,0
73152,0
70945,0
281029,0
70108,0
69281,0
317118,0
273718,0
270634,0
389203,0
278627,0
98945,0
411845,0
114859,0
80095,0
18091,0
86093,0
110032,0
280863,0
63948,0
255915,0
367801,0
141130,0
241025,0
367657,0
8479,0
72637,0
248154,0
89325,0
187626,0
379367,0
66074,0
51947,0
394353,0
161302,0
286287,0
78580,0
259469,0
27088,0
114352,0
286597,0
61385,0
112911,0
52472,0
53031,0
282537,0
349880,0
361092,0
264730,0
150776,0
33839,0
353533,0
305339,0
261355,0
195982,0
183435,0
214614,0
24346,0
233362,0
98205,0
129483,0
151872,0
263886,0
87392,0
185065,0
70021,0
258526,0
7091,0
193036,0
103442,0
198582,0
270343,0
115557,0
305881,0
17648,0
196074,0
171637,0
50393,0
318658,0
18162,0
318050,0
384911,0
4532,0
48621,0
44637,0
223363,0
61737,0
353129,0
365602,0
140066,0
312197,0
74712,0
298543,0
119494,0
87211,0
405864,0
53186,0
191314,0
394792,0
405016,0
19234,0
26714,0
165936,0
215757,0
140802,0
366095,0
347743,0
54435,0
14213,0
250386,0
290595,0
274953,0
407096,0
395441,0
155612,0
163237,0
273613,0
244389,0
109200,0
388864,0
24597,0
293717,0
205674,0
355075,0
283736,0
236263,0
147899,0
210391,0
68280,0
22171,0
35596,0
366059,0
235275,0
375878,0
310343,0
286178,0
130724,0
321415,0
136823,0
322845,0
347669,0
335192,0
19423,0
168189,0
253749,0
155373,0
206479,0
322236,0
76069,0
304096,0
322600,0
401147,0
33317,0
249557,0
152985,0
206016,0
234465,0
409319,0
403588,0
200852,0
273923,0
131282,0
290439,0
130052,0
279242,0
319261,0
180825,0
310957,0
62968,0
82335,0
403693,0
229387,0
144722,0
305859,0
246932,0
289525,0
230306,0
244955,0
289643,0
316309,0
407942,0
122442,0
164046,0
272348,0
322180,0
20465,0
41506,0
305886,0
236825,0
255390,0
6307,0
25571,0
372606,0
246737,0
138100,0
93940,0
179165,0
279224,0
130505,0
133659,0
189012,0
209757,0
109888,0
51935,0
238030,0
180160,0
65974,0
173319,0
339714,0
204665,0
199650,0
179679,0
324425,0
382035,0
94521,0
181041,0
223943,0
75084,0
273966,0
145930,0
47554,0
329550,0
325269,0
245856,0
332716,0
384611,0
282412,0
374188,0
155960,0
149404,0
357092,0
115451,0
281410,0
335375,0
255932,0
147483,0
80675,0
157233,0
124164,0
316124,0
131220,0
94812,0
250144,0
269820,0
31763,0
130497,0
205947,0
218098,0
20804,0
9077,0
388964,0
310967,0
171531,0
90936,0
53182,0
66519,0
329443,0
307981,0
301500,0
340721,0
6709,0
148188,0
218138,0
402851,0
290417,0
29778,0
245266,0
178434,0
352603,0
199486,0
199607,0
223084,0
174078,0
164876,0
144579,0
115752,0
286460,0
310428,0
202016,0
116849,0
82112,0
34552,0
237475,0
113774,0
45120,0
325101,0
51717,0
396673,0
216741,0
70419,0
92514,0
322043,0
296537,0
220116,0
72856,0
251684,0
292050,0
141317,0
380676,0
313043,0
294147,0
176725,0
231306,0
124010,0
359762,0
386328,0
301600,0
93660,0
87720,0
354868,0
368750,0
395137,0
236912,0
115304,0
314715,0
108243,0
228059,0
166425,0
253611,0
320191,0
100140,0
363984,0
32243,0
4478,0
319282,0
290130,0
362613,0
48595,0
73600,0
246043,0
270615,0
220916,0
326466,0
230348,0
212429,0
215796,0
25748,0
230647,0
244240,0
127018,0
27075,0
96594,0
14407,0
398602,0
388108,0
108788,0
298625,0
205304,0
181481,0
81753,0
264210,0
165508,0
192717,0
216688,0
351244,0
37432,0
53116,0
229705,0
315874,0
311116,0
320956,0
351768,0
107130,0
93860,0
308552,0
118453,0
349051,0
170776,0
179529,0
86045,0
83111,0
194652,0
277189,0
16019,0
324990,0
76442,0
165632,0
202345,0
406356,0
171166,0
184716,0
10148,0
18815,0
58896,0
392646,0
246958,0
270522,0
33503,0
91748,0
343783,0
84211,0
321368,0
89811,0
273673,0
254878,0
156375,0
85852,0
147383,0
35946,0
240872,0
156082,0
234992,0
388871,0
192854,0
132892,0
257301,0
337646,0
219341,0
26484,0
309073,0
20011,0
376521,0
400,0
112309,0
231096,0
235430,0
199708,0
62225,0
404112,0
380063,0
116569,0
235308,0
186572,0
347907,0
263090,0
305770,0
226314,0
301441,0
228223,0
81213,0
209581,0
340849,0
307996,0
161535,0
302459,0
220948,0
250248,0
247032,0
270840,0
203039,0
33669,0
156253,0
348408,0
273663,0
230037,0
368452,0
127943,0
147128,0
45091,0
9199,0
219999,0
75395,0
411086,0
140849,0
328507,0
161907,0
368936,0
121326,0
200084,0
50318,0
337123,0
282787,0
109977,0
195684,0
317925,0
370078,0
393318,0
248338,0
245476,0
231060,0
286798,0
227183,0
24481,0
243784,0
287151,0
81942,0
130414,0
32080,0
198419,0
44522,0
151479,0
14551,0
172657,0
74585,0
150327,0
118354,0
147886,0
263630,0
314277,0
45367,0
58063,0
194323,0
23733,0
209667,0
100497,0
57639,0
186180,0
267333,0
293763,0
186660,0
21619,0
363084,0
387593,0
373558,0
1442,0
315729,0
241220,0
284044,0
255300,0
255499,0
297657,0
88497,0
377488,0
348306,0
74618,0
298265,0
174387,0
149139,0
57938,0
312320,0
312179,0
185623,0
34413,0
354293,0
279232,0
400433,0
248630,0
254486,0
123974,0
370049,0
391294,0
367911,0
150357,0
123013,0
325246,0
21028,0
77470,0
173155,0
154900,0
369371,0
55903,0
153341,0
375168,0
303724,0
284237,0
49353,0
62227,0
356040,0
311003,0
246109,0
170682,0
305480,0
36628,0
97000,0
35642,0
185454,0
20206,0
14156,0
258282,0
262714,0
139547,0
275352,0
327578,0
227773,0
320419,0
383964,0
159825,0
247687,0
75830,0
279705,0
248674,0
135733,0
103610,0
272942,0
135150,0
353963,0
102864,0
208656,0
70076,0
114384,0
145567,0
64086,0
258519,0
261617,0
21042,0
52342,0
393354,0
393977,0
212850,0
345141,0
126813,0
368202,0
293327,0
290471,0
24617,0
299941,0
379173,0
187152,0
194813,0
364951,0
267432,0
265414,0
411937,0
347172,0
85641,0
172614,0
289848,0
90456,0
10368,0
334304,0
155834,0
340649,0
351676,0
269305,0
192793,0
298387,0
313006,0
54730,0
29832,0
35781,0
225007,0
243997,0
312835,0
258020,0
64787,0
399654,0
223468,0
24552,0
22078,0
301218,0
376236,0
122166,0
236786,0
407361,0
364265,0
268495,0
301921,0
411862,0
378424,0
289778,0
323500,0
3686,0
339189,0
56879,0
239976,0
320836,0
200910,0
81795,0
283074,0
267564,0
3893,0
149696,0
300885,0
374380,0
76479,0
32125,0
138591,0
373172,0
149954,0
215009,0
338528,0
139244,0
336488,0
223652,0
118171,0
227815,0
378530,0
289691,0
253859,0
336691,0
163102,0
190257,0
31633,0
333053,0
25134,0
265819,0
405306,0
363736,0
81723,0
139561,0
41740,0
147516,0
152312,0
243721,0
347934,0
63614,0
407242,0
381193,0
59566,0
110733,0
358981,0
183039,0
229151,0
231815,0
327457,0
249469,0
145944,0
183139,0
377585,0
128148,0
38436,0
293287,0
91424,0
287465,0
287496,0
336290,0
188467,0
201964,0
337828,0
56774,0
213863,0
352637,0
190810,0
311186,0
236676,0
20489,0
54382,0
5198,0
331413,0
108107,0
306376,0
318196,0
47224,0
205381,0
62863,0
366393,0
363045,0
323753,0
307435,0
292594,0
280807,0
389263,0
30867,0
318752,0
60211,0
168580,0
248954,0
14279,0
334609,0
179477,0
153693,0
70138,0
396395,0
163429,0
284737,0
162800,0
339272,0
51623,0
6696,0
254250,0
222265,0
85986,0
179653,0
228212,0
290604,0
276724,0
97298,0
99415,0
85040,0
100139,0
245248,0
391179,0
394046,0
158912,0
142273,0
365590,0
235511,0
168840,0
303829,0
243183,0
210776,0
60768,0
184900,0
38830,0
211848,0
217086,0
65710,0
254613,0
383260,0
137837,0
17259,0
33695,0
201884,0
267336,0
137019,0
265364,0
215085,0
104472,0
325856,0
7291,0
73254,0
201038,0
253442,0
7764,0
155699,0
153083,0
178059,0
207669,0
52658,0
130227,0
205469,0
22355,0
167739,0
199012,0
44081,0
380528,0
385043,0
254528,0
160552,0
268818,0
168180,0
231394,0
308690,0
380335,0
12465,0
290809,0
308641,0
399134,0
32570,0
63173,0
370106,0
170031,0
313019,0
310690,0
2980,0
202194,0
155738,0
275267,0
6035,0
199864,0
124121,0
116500,0
371270,0
312398,0
18236,0
393051,0
87960,0
141200,0
233833,0
141358,0
30690,0
59164,0
389751,0
244748,0
366209,0
101620,0
339978,0
183570,0
3168,0
111337,0
280304,0
365101,0
374975,0
399673,0
404666,0
110221,0
110776,0
380234,0
301510,0
132384,0
228593,0
312542,0
120038,0
162236,0
151658,0
52369,0
409561,0
121209,0
411962,0
333544,0
394671,0
166561,0
225775,0
96782,0
53301,0
121058,0
399698,0
270823,0
329428,0
359034,0
199653,0
196636,0
126454,0
351596,0
168119,0
182356,0
57359,0
137336,0
164056,0
193859,0
385212,0
402192,0
144871,0
315967,0
226009,0
383646,0
76864,0
219777,0
340229,0
221180,0
220799,0
365537,0
73523,0
244799,0
106721,0
164292,0
290546,0
246170,0
84216,0
137859,0
132812,0
302862,0
76454,0
320577,0
277120,0
395067,0
267547,0
385681,0
59495,0
35710,0
347020,0
156832,0
319284,0
317807,0
227475,0
283012,0
145954,0
64897,0
310211,0
400196,0
359728,0
49544,0
315041,0
140052,0
380744,0
339955,0
29193,0
198154,0
226015,0
410488,0
184361,0
178119,0
212584,0
133926,0
335341,0
122574,0
33322,0
253332,0
97898,0
325008,0
83039,0
157338,0
78532,0
333331,0
93791,0
55118,0
19269,0
125363,0
370992,0
295354,0
307953,0
31797,0
77043,0
226435,0
87181,0
59137,0
184539,0
242709,0
8138,0
155548,0
392577,0
189686,0
59065,0
47879,0
405817,0
6751,0
130216,0
274087,0
324944,0
192894,0
112654,0
323638,0
93930,0
87826,0
124763,0
385662,0
341858,0
286961,0
147518,0
148561,0
217050,0
201085,0
59422,0
328966,0
392841,0
318915,0
66526,0
134864,0
11605,0
164959,0
100709,0
241163,0
298224,0
276268,0
385882,0
69855,0
286572,0
105934,0
54921,0
182374,0
84444,0
344052,0
37058,0
212215,0
73459,0
105613,0
97710,0
80973,0
229623,0
289320,0
85025,0
357728,0
218796,0
118941,0
294081,0
161893,0
99117,0
409419,0
169569,0
365124,0
325614,0
246635,0
136376,0
87123,0
224408,0
85149,0
41874,0
114518,0
54306,0
78732,0
348439,0
380218,0
224937,0
13218,0
330200,0
240526,0
312287,0
180076,0
122160,0
293388,0
183614,0
270446,0
6597,0
265010,0
287145,0
303117,0
123958,0
211871,0
65386,0
223397,0
398635,0
309701,0
260506,0
23753,0
158649,0
216279,0
117083,0
154578,0
334256,0
90369,0
344970,0
225919,0
278385,0
393492,0
239171,0
159032,0
52271,0
291408,0
324754,0
172603,0
3960,0
375740,0
131475,0
394879,0
229897,0
305808,0
164050,0
85714,0
222550,0
1415,0
83755,0
74894,0
260113,0
42871,0
182688,0
403772,0
19369,0
111656,0
353825,0
17662,0
408115,0
23028,0
349855,0
14127,0
123483,0
315554,0
219610,0
257149,0
341844,0
289387,0
226251,0
129725,0
323219,0
19603,0
346904,0
198537,0
212349,0
133889,0
196469,0
318686,0
27877,0
25972,0
323229,0
19783,0
56082,0
407335,0
290509,0
107300,0
60781,0
26590,0
352906,0
140762,0
407635,0
52356,0
197171,0
163387,0
346332,0
96447,0
13876,0
308799,0
38497,0
57999,0
172912,0
219769,0
2018,0
72085,0
7815,0
292820,0
138780,0
197930,0
362757,0
252475,0
46129,0
109192,0
381917,0
101414,0
183964,0
303031,0
151740,0
323531,0
39204,0
148306,0
27109,0
227078,0
194840,0
312124,0
40756,0
30606,0
376792,0
138450,0
41112,0
31202,0
251127,0
322509,0
247625,0
277837,0
111347,0
302964,0
11647,0
229693,0
355382,0
35892,0
409699,0
159603,0
248111,0
337073,0
246266,0
253556,0
204261,0
173797,0
346194,0
102830,0
272785,0
8915,0
395779,0
249101,0
354492,0
184192,0
400795,0
69911,0
276860,0
304079,0
40956,0
273849,0
316090,0
393412,0
3972,0
213396,0
360749,0
194493,0
116980,0
149127,0
7021,0
263479,0
168623,0
131534,0
143724,0
174526,0
397165,0
33332,0
8718,0
4991,0
162116,0
269875,0
110955,0
305971,0
6320,0
410038,0
367439,0
356077,0
44741,0
230864,0
92189,0
45422,0
221501,0
379510,0
87058,0
205137,0
382446,0
145467,0
156655,0
401975,0
211096,0
319725,0
206222,0
372145,0
243825,0
250270,0
398475,0
211053,0
234947,0
154527,0
247581,0
85547,0
125927,0
224328,0
166537,0
216980,0
136790,0
258781,0
245831,0
205258,0
169165,0
221308,0
107624,0
337884,0
197451,0
329402,0
337438,0
278739,0
254416,0
147467,0
69923,0
320827,0
336999,0
279093,0
341665,0
375532,0
359353,0
394602,0
191025,0
163568,0
389459,0
315957,0
382974,0
45689,0
93821,0
277595,0
111329,0
228054,0
24880,0
201896,0
378378,0
151071,0
389904,0
149333,0
174804,0
77217,0
366420,0
243488,0
344987,0
195029,0
320710,0
68,0
226686,0
31547,0
220945,0
196646,0
269934,0
218993,0
43418,0
243729,0
68913,0
301298,0
98871,0
8749,0
108647,0
225189,0
405521,0
278784,0
230262,0
357849,0
351634,0
9682,0
283397,0
296961,0
227512,0
122344,0
112488,0
179187,0
104801,0
247624,0
230284,0
121475,0
367771,0
202798,0
326228,0
97445,0
113976,0
260204,0
303994,0
266192,0
364987,0
209970,0
198737,0
143305,0
77760,0
136498,0
318254,0
287331,0
73952,0
348903,0
352350,0
362098,0
128767,0
75030,0
3838,0
354531,0
237125,0
330186,0
171883,0
45654,0
127495,0
377122,0
139935,0
408252,0
30403,0
6332,0
331699,0
128098,0
36352,0
128089,0
364875,0
231574,0
244165,0
186453,0
272865,0
365259,0
271198,0
229324,0
410196,0
391536,0
75952,0
48649,0
8273,0
108973,0
410374,0
302037,0
282758,0
111632,0
223428,0
89667,0
388442,0
411557,0
7604,0
321107,0
315155,0
137813,0
368352,0
333900,0
161641,0
179785,0
137448,0
310418,0
266416,0
383364,0
292533,0
216014,0
308663,0
174509,0
97805,0
134825,0
51228,0
336175,0
246597,0
56865,0
383439,0
247552,0
384954,0
405020,0
53534,0
254783,0
118899,0
387066,0
103430,0
40329,0
281900,0
322877,0
337433,0
108040,0
273819,0
322256,0
87149,0
157897,0
92253,0
351647,0
15075,0
182951,0
341685,0
259835,0
16846,0
323044,0
219325,0
282919,0
364903,0
66396,0
166707,0
392464,0
37310,0
303749,0
330729,0
153167,0
237782,0
222382,0
304441,0
198730,0
292455,0
368126,0
47542,0
124425,0
243018,0
235550,0
219058,0
179277,0
390998,0
344597,0
70410,0
73775,0
124722,0
33279,0
283364,0
219315,0
47007,0
16776,0
210576,0
288866,0
219004,0
356394,0
87798,0
16849,0
294185,0
259684,0
227843,0
256665,0
252431,0
357357,0
39371,0
194815,0
337566,0
176650,0
377746,0
84935,0
198275,0
161247,0
325053,0
269794,0
145992,0
304258,0
105688,0
74300,0
55959,0
370720,0
216062,0
320138,0
53807,0
130461,0
224541,0
134444,0
253960,0
313824,0
411854,0
233455,0
12957,0
97542,0
225250,0
323328,0
129855,0
289029,0
240351,0
136058,0
267682,0
238697,0
16752,0
398140,0
88927,0
295030,0
35898,0
388807,0
931,0
267359,0
5654,0
199847,0
273570,0
405528,0
152341,0
293956,0
367503,0
229463,0
11287,0
313595,0
100559,0
199297,0
29115,0
384177,0
187039,0
299105,0
212590,0
365570,0
186091,0
14880,0
100896,0
28979,0
268555,0
342926,0
185985,0
236706,0
394044,0
83845,0
122055,0
271135,0
99349,0
397322,0
296930,0
300900,0
68469,0
40715,0
236323,0
288023,0
227631,0
77699,0
375496,0
47536,0
56543,0
240039,0
221964,0
22081,0
115364,0
402217,0
244818,0
237822,0
392260,0
387321,0
294200,0
226579,0
165480,0
248559,0
301119,0
239482,0
146019,0
217793,0
161314,0
391524,0
137121,0
10341,0
213164,0
144054,0
73562,0
194508,0
72249,0
191344,0
280552,0
27289,0
203770,0
231015,0
285546,0
337567,0
202150,0
373573,0
56339,0
222304,0
89744,0
312289,0
346141,0
246826,0
411255,0
90006,0
250309,0
89162,0
201678,0
359267,0
163929,0
266323,0
17389,0
196229,0
54859,0
353846,0
65878,0
373257,0
267902,0
211413,0
400742,0
319321,0
272350,0
107096,0
241595,0
106835,0
375309,0
243002,0
124266,0
121008,0
291719,0
40705,0
152002,0
81802,0
165002,0
254202,0
356507,0
153329,0
70883,0
287612,0
118115,0
174460,0
129858,0
42612,0
325819,0
399263,0
319028,0
182779,0
283379,0
213949,0
198443,0
4147,0
305182,0
410938,0
153726,0
236163,0
232230,0
93912,0
67659,0
65676,0
301484,0
304251,0
66817,0
177886,0
245104,0
29979,0
203126,0
368280,0
87043,0
343880,0
240479,0
7481,0
288219,0
58102,0
19309,0
118149,0
162972,0
155997,0
117058,0
5630,0
2200,0
348253,0
390658,0
183680,0
38697,0
351250,0
93934,0
293878,0
242161,0
125847,0
64285,0
355400,0
352516,0
53233,0
32849,0
249476,0
72802,0
170081,0
206023,0
411756,0
322620,0
298906,0
254824,0
212636,0
348488,0
293917,0
303142,0
201881,0
116159,0
63506,0
223774,0
3959,0
260482,0
340937,0
33736,0
250865,0
278711,0
6347,0
356734,0
167143,0
376621,0
404290,0
78893,0
48671,0
207607,0
117166,0
387718,0
384622,0
163310,0
393931,0
254844,0
96900,0
121353,0
17992,0
234825,0
231596,0
203098,0
91186,0
257831,0
139149,0
402517,0
17114,0
188755,0
135081,0
195142,0
155185,0
154233,0
81156,0
307466,0
9611,0
199018,0
218350,0
225181,0
371991,0
285185,0
218689,0
306916,0
3899,0
395102,0
277853,0
137362,0
280298,0
399325,0
25609,0
257434,0
20389,0
235545,0
239723,0
298759,0
33392,0
115027,0
18908,0
411151,0
198763,0
370713,0
117999,0
182940,0
131117,0
310985,0
405481,0
297513,0
379577,0
103673,0
214026,0
93148,0
240506,0
365075,0
193718,0
316385,0
313984,0
67135,0
266166,0
157234,0
290466,0
43856,0
287429,0
373592,0
228631,0
304763,0
2884,0
4878,0
123237,0
165237,0
171082,0
320655,0
356266,0
242656,0
265141,0
254693,0
334775,0
58607,0
17790,0
178922,0
165983,0
310992,0
379881,0
327867,0
236331,0
396953,0
389756,0
313024,0
286525,0
375413,0
387209,0
46918,0
303425,0
341843,0
172066,0
142712,0
11538,0
342887,0
80980,0
230748,0
148019,0
52700,0
334949,0
130834,0
165604,0
186540,0
4046,0
137630,0
121615,0
396573,0
107244,0
348888,0
192436,0
96998,0
89061,0
80661,0
19383,0
56090,0
15013,0
30449,0
86179,0
28668,0
176581,0
145248,0
266199,0
200210,0
223763,0
311385,0
196571,0
220759,0
362974,0
62461,0
342757,0
310867,0
363719,0
304523,0
408743,0
138454,0
97644,0
366333,0
324145,0
129895,0
19968,0
400923,0
122450,0
54312,0
3608,0
62122,0
14165,0
330525,0
300051,0
254227,0
344535,0
352921,0
341812,0
160172,0
353691,0
293703,0
182252,0
20480,0
91684,0
323604,0
269952,0
364240,0
87333,0
257488,0
72863,0
273507,0
51582,0
358146,0
190778,0
397662,0
286341,0
166316,0
342506,0
390855,0
115045,0
197876,0
331867,0
346424,0
327308,0
173570,0
231872,0
409052,0
240712,0
17556,0
30555,0
31309,0
404513,0
85683,0
139898,0
202260,0
402980,0
174065,0
199835,0
77925,0
79013,0
410823,0
381225,0
290031,0
9646,0
212629,0
128894,0
336925,0
116927,0
311900,0
181953,0
162350,0
93496,0
355396,0
380710,0
130604,0
351941,0
19653,0
181684,0
145986,0
169535,0
101195,0
117089,0
296197,0
385566,0
168206,0
134738,0
348091,0
402096,0
62233,0
34994,0
244393,0
292879,0
25594,0
203536,0
150629,0
282879,0
127835,0
299162,0
257564,0
23099,0
240222,0
399810,0
228339,0
97869,0
79103,0
186778,0
339495,0
183434,0
7903,0
307130,0
380903,0
357882,0
92649,0
2268,0
254055,0
45947,0
397127,0
27592,0
321756,0
131182,0
223493,0
38137,0
68515,0
64925,0
49470,0
4091,0
349523,0
140436,0
285541,0
243522,0
304781,0
242566,0
351654,0
208858,0
96265,0
171273,0
213745,0
118859,0
295385,0
169615,0
36356,0
289783,0
228390,0
193864,0
147931,0
376538,0
201588,0
17092,0
354194,0
139435,0
286374,0
340988,0
221864,0
121930,0
232,0
354081,0
254782,0
15767,0
232649,0
247574,0
126090,0
340652,0
12968,0
10440,0
385694,0
88913,0
24931,0
65128,0
7529,0
412002,0
30577,0
167094,0
110421,0
223156,0
101484,0
328492,0
97155,0
279886,0
364063,0
274126,0
54870,0
47431,0
95009,0
261006,0
252526,0
152737,0
302942,0
66166,0
362049,0
372585,0
63327,0
208493,0
241809,0
291849,0
117053,0
212670,0
182069,0
46625,0
270933,0
43743,0
188244,0
143817,0
403569,0
77926,0
359055,0
268585,0
78379,0
392623,0
161459,0
343132,0
77866,0
219437,0
371786,0
88914,0
391806,0
138989,0
312225,0
138486,0
268420,0
203095,0
160767,0
389747,0
297728,0
335568,0
409738,0
302170,0
199144,0
375546,0
208024,0
226765,0
37476,0
56629,0
214311,0
327733,0
255623,0
144784,0
114546,0
139567,0
288034,0
215292,0
125907,0
286057,0
5844,0
125033,0
348916,0
90988,0
66407,0
81862,0
301236,0
35050,0
52111,0
181816,0
263863,0
367451,0
209411,0
80800,0
219942,0
20588,0
303807,0
208507,0
339274,0
156159,0
347050,0
143822,0
207085,0
3180,0
984,0
19623,0
167765,0
307753,0
169360,0
67107,0
338536,0
226416,0
257063,0
254822,0
398372,0
194564,0
324315,0
325252,0
173068,0
403526,0
345800,0
94532,0
207560,0
99180,0
247351,0
177857,0
385755,0
135911,0
137905,0
76682,0
36551,0
9095,0
398641,0
105541,0
254941,0
235600,0
76577,0
319036,0
9135,0
328673,0
131262,0
164337,0
147046,0
77949,0
46383,0
88799,0
247948,0
394446,0
45036,0
14030,0
385601,0
364936,0
173683,0
116363,0
303850,0
369734,0
142670,0
286116,0
223809,0
58029,0
257218,0
154620,0
223566,0
2594,0
91911,0
61852,0
407921,0
371402,0
45874,0
199300,0
71193,0
6193,0
117435,0
160303,0
173204,0
364744,0
316161,0
277571,0
119431,0
163456,0
258440,0
131853,0
134356,0
372623,0
7203,0
156806,0
287811,0
19856,0
252072,0
1293,0
323476,0
151574,0
219248,0
49807,0
411985,0
34466,0
87493,0
125435,0
175426,0
275660,0
130091,0
12179,0
288516,0
21776,0
324595,0
205538,0
195848,0
356728,0
121226,0
286002,0
403862,0
227142,0
396323,0
159951,0
266101,0
225481,0
406605,0
240633,0
226702,0
90411,0
151364,0
280769,0
304597,0
380556,0
261395,0
400956,0
114151,0
316885,0
40962,0
85920,0
64236,0
20155,0
42200,0
152631,0
195278,0
215263,0
80976,0
372182,0
161412,0
386733,0
42527,0
153557,0
392772,0
408883,0
22670,0
67420,0
131985,0
7758,0
20144,0
99512,0
28081,0
67462,0
322678,0
28999,0
392635,0
320845,0
310132,0
329380,0
251034,0
83230,0
175103,0
286095,0
177721,0
406674,0
295509,0
289672,0
254861,0
295927,0
377481,0
249937,0
99845,0
312562,0
45962,0
209972,0
114488,0
78655,0
26666,0
62317,0
346866,0
207414,0
273852,0
117434,0
257767,0
122011,0
122487,0
256743,0
377543,0
71096,0
186568,0
119877,0
173519,0
109419,0
280946,0
384830,0
60440,0
3337,0
335905,0
313541,0
253047,0
146223,0
318978,0
36264,0
25769,0
225985,0
7244,0
57274,0
217029,0
100086,0
385845,0
168754,0
32433,0
172435,0
263331,0
244975,0
223362,0
266909,0
393129,0
274348,0
63099,0
282312,0
280189,0
197288,0
394148,0
138833,0
265855,0
47883,0
374754,0
336398,0
348109,0
140655,0
157323,0
395570,0
77259,0
335882,0
223859,0
253554,0
94666,0
112469,0
156951,0
391928,0
45680,0
203244,0
316014,0
270799,0
411772,0
224421,0
245157,0
396942,0
242518,0
320583,0
270234,0
359570,0
322842,0
24201,0
273609,0
127950,0
2843,0
115973,0
292743,0
42235,0
238918,0
64977,0
341314,0
373960,0
342793,0
402045,0
20596,0
266731,0
374105,0
97591,0
343539,0
366371,0
96420,0
326440,0
391219,0
26418,0
25637,0
131827,0
368492,0
177633,0
296057,0
224048,0
275585,0
275042,0
83554,0
376010,0
311091,0
263845,0
155250,0
14907,0
309006,0
28063,0
343970,0
212138,0
61512,0
118947,0
305501,0
399157,0
287000,0
225158,0
117145,0
107925,0
1996,0
332282,0
7106,0
268464,0
406381,0
276419,0
356009,0
204003,0
204949,0
218150,0
170377,0
406098,0
321797,0
183440,0
115643,0
270237,0
409282,0
36210,0
188935,0
261657,0
27721,0
323110,0
194685,0
318941,0
338455,0
125696,0
106920,0
147122,0
266132,0
371121,0
394374,0
71137,0
162720,0
329385,0
193114,0
334574,0
59069,0
324354,0
307726,0
272443,0
131661,0
376505,0
373015,0
145935,0
242369,0
91556,0
122258,0
252830,0
388788,0
160811,0
299737,0
823,0
391645,0
198757,0
531,0
117101,0
118053,0
379406,0
352832,0
300590,0
191404,0
95470,0
174299,0
251266,0
318913,0
323472,0
56852,0
166212,0
268332,0
127177,0
183465,0
388133,0
27727,0
58995,0
50895,0
181289,0
40374,0
323989,0
326951,0
117766,0
405426,0
366320,0
233504,0
50104,0
148571,0
195963,0
383830,0
31896,0
332169,0
134197,0
124589,0
101913,0
77075,0
53154,0
377688,0
109602,0
312223,0
342399,0
23835,0
335100,0
161229,0
246017,0
304003,0
295027,0
299021,0
95630,0
371056,0
221718,0
49538,0
343268,0
57506,0
146795,0
57060,0
23824,0
249413,0
277465,0
60964,0
92025,0
287360,0
268933,0
384668,0
288830,0
71846,0
201068,0
322470,0
396361,0
124265,0
253550,0
278813,0
343497,0
224147,0
39671,0
404097,0
369049,0
156231,0
255572,0
38966,0
308857,0
269253,0
331926,0
308767,0
343458,0
410393,0
378519,0
399787,0
290479,0
176052,0
54101,0
77970,0
148296,0
394614,0
145198,0
136815,0
234136,0
311865,0
313426,0
123592,0
59643,0
195855,0
139243,0
351432,0
360758,0
253599,0
407876,0
154206,0
385037,0
98739,0
106671,0
316467,0
337604,0
239828,0
234649,0
27678,0
204570,0
148256,0
127065,0
74605,0
181818,0
341881,0
311285,0
192030,0
296807,0
164849,0
35777,0
288344,0
251971,0
145155,0
260504,0
237357,0
68792,0
345136,0
295877,0
406860,0
32991,0
78793,0
175109,0
201892,0
147466,0
234010,0
87091,0
146721,0
229992,0
53042,0
17527,0
385860,0
230335,0
169556,0
162687,0
336596,0
312204,0
408898,0
214183,0
309903,0
247788,0
37982,0
179420,0
410456,0
172957,0
297360,0
32338,0
175701,0
372016,0
320668,0
43356,0
110665,0
266651,0
122552,0
303346,0
118644,0
251289,0
267444,0
310908,0
400194,0
221849,0
391848,0
393739,0
70253,0
121273,0
11240,0
167770,0
261226,0
212492,0
281757,0
121277,0
102778,0
12821,0
372861,0
13122,0
77998,0
146084,0
347143,0
116231,0
67232,0
27134,0
260284,0
40557,0
14582,0
122239,0
105662,0
195862,0
143345,0
181676,0
273133,0
365176,0
56116,0
346223,0
241827,0
271409,0
105914,0
399331,0
94899,0
98730,0
114694,0
175466,0
274412,0
6141,0
303914,0
383854,0
325055,0
390405,0
393484,0
230683,0
174829,0
213792,0
395139,0
88563,0
347589,0
61685,0
16307,0
245489,0
332555,0
323549,0
304736,0
333520,0
257861,0
313935,0
118784,0
113246,0
399424,0
17137,0
214802,0
122346,0
273625,0
259048,0
66485,0
354128,0
332968,0
400654,0
393410,0
311739,0
353938,0
391048,0
267077,0
247008,0
320532,0
220777,0
329192,0
151030,0
10271,0
1037,0
203524,0
89776,0
184135,0
27645,0
275538,0
189928,0
287923,0
115290,0
169591,0
75266,0
406235,0
44811,0
361954,0
142478,0
90039,0
364446,0
287083,0
95236,0
140857,0
390678,0
114733,0
251792,0
325571,0
248629,0
180707,0
254539,0
141961,0
353818,0
287951,0
41258,0
37872,0
63144,0
404394,0
81322,0
171310,0
35916,0
156233,0
179519,0
123629,0
7837,0
197548,0
357945,0
201925,0
955,0
190278,0
216458,0
354734,0
95148,0
191937,0
265945,0
182021,0
315841,0
220597,0
206533,0
138970,0
237821,0
89662,0
195088,0
170246,0
128701,0
398550,0
401500,0
126436,0
295276,0
137661,0
368210,0
386123,0
22229,0
289463,0
344449,0
82012,0
122935,0
4197,0
269343,0
284158,0
211905,0
17254,0
76210,0
189499,0
148453,0
96926,0
120278,0
116973,0
174024,0
341836,0
283162,0
132014,0
123719,0
63998,0
407284,0
18348,0
411840,0
182987,0
300293,0
346703,0
358911,0
178530,0
107548,0
215578,0
327508,0
324925,0
381311,0
411683,0
257729,0
33338,0
32406,0
158039,0
66448,0
68561,0
102410,0
52558,0
219399,0
66897,0
384891,0
220470,0
280201,0
334205,0
333950,0
212558,0
352006,0
4161,0
233838,0
280792,0
187457,0
53406,0
316881,0
64589,0
77097,0
378932,0
135201,0
96466,0
229879,0
123770,0
108691,0
362579,0
284587,0
272460,0
70542,0
36113,0
37109,0
84725,0
374274,0
338119,0
223185,0
373075,0
19180,0
264063,0
107907,0
149315,0
249853,0
260466,0
344468,0
278271,0
19917,0
124491,0
33937,0
267709,0
227130,0
105137,0
400833,0
362627,0
36979,0
330160,0
285424,0
356516,0
204060,0
99662,0
66301,0
49856,0
16572,0
314718,0
54355,0
107119,0
16357,0
178746,0
32865,0
326967,0
185339,0
157434,0
31106,0
137047,0
108037,0
192748,0
255758,0
247407,0
106274,0
32481,0
273098,0
381110,0
195027,0
375918,0
387055,0
394450,0
373849,0
169823,0
28981,0
226081,0
263537,0
337540,0
249356,0
224444,0
254252,0
367724,0
118315,0
3159,0
295738,0
54752,0
246615,0
128244,0
317452,0
178403,0
253786,0
133136,0
396697,0
386560,0
66805,0
295340,0
242434,0
395956,0
35126,0
374876,0
160036,0
230367,0
85826,0
5670,0
148028,0
303745,0
381222,0
104862,0
190851,0
253370,0
247017,0
313057,0
404956,0
284162,0
103186,0
339635,0
3238,0
100501,0
243207,0
337834,0
222930,0
120320,0
404186,0
281681,0
343708,0
152795,0
215862,0
343631,0
2951,0
142292,0
173653,0
100522,0
26352,0
12510,0
268373,0
37665,0
228308,0
131742,0
406165,0
65937,0
395285,0
124236,0
332356,0
225679,0
176297,0
372590,0
244845,0
20800,0
379377,0
90332,0
141083,0
240181,0
38982,0
177589,0
218393,0
252602,0
1523,0
155923,0
322558,0
15144,0
384130,0
65277,0
70032,0
378345,0
353526,0
98887,0
79680,0
410786,0
286882,0
341783,0
320016,0
100885,0
130863,0
59345,0
263977,0
140441,0
194239,0
45983,0
85342,0
92621,0
261467,0
244310,0
94178,0
310102,0
403574,0
368356,0
328399,0
169794,0
402134,0
380251,0
31032,0
300722,0
275875,0
317587,0
162442,0
303167,0
70348,0
340676,0
228642,0
363776,0
120117,0
205103,0
367763,0
35829,0
288343,0
67714,0
403792,0
264271,0
378058,0
285051,0
225081,0
354008,0
127862,0
221359,0
391458,0
385678,0
391100,0
110551,0
121245,0
288468,0
116919,0
54552,0
16686,0
351921,0
18257,0
192011,0
306699,0
217549,0
19048,0
370554,0
237450,0
141505,0
94437,0
79248,0
359455,0
229661,0
307805,0
76300,0
197470,0
170590,0
303794,0
172771,0
378071,0
149523,0
361337,0
338806,0
132633,0
374161,0
45650,0
396414,0
118366,0
226306,0
55929,0
262925,0
181800,0
13394,0
201992,0
202499,0
98488,0
42156,0
128245,0
155292,0
408777,0
11102,0
357371,0
247198,0
121563,0
271148,0
228803,0
151869,0
340883,0
127874,0
227751,0
21161,0
287476,0
311600,0
269058,0
71925,0
313020,0
71148,0
288851,0
342949,0
231738,0
157424,0
32655,0
150636,0
34854,0
168946,0
59280,0
376223,0
226268,0
379890,0
94513,0
311151,0
226519,0
147311,0
81535,0
145246,0
176649,0
99147,0
146209,0
172776,0
13468,0
32005,0
333616,0
279829,0
228313,0
401104,0
96653,0
1410,0
48642,0
206759,0
411626,0
229204,0
361112,0
322309,0
39134,0
398965,0
159302,0
383055,0
217470,0
399042,0
163089,0
363434,0
299697,0
141510,0
14805,0
117338,0
146212,0
404407,0
357444,0
104449,0
259480,0
303748,0
137698,0
6406,0
208556,0
254474,0
381393,0
347968,0
341646,0
63504,0
304450,0
71264,0
143420,0
211849,0
182104,0
365573,0
350291,0
5713,0
332633,0
154987,0
206192,0
235266,0
174275,0
300030,0
164264,0
75876,0
261272,0
71458,0
311087,0
64161,0
380186,0
19757,0
126001,0
295407,0
360198,0
102516,0
279649,0
287485,0
389977,0
341890,0
171489,0
108995,0
306528,0
290307,0
313966,0
174745,0
42509,0
231215,0
266803,0
342831,0
91161,0
80094,0
325058,0
281587,0
240006,0
378233,0
189637,0
172695,0
196525,0
370645,0
49050,0
236783,0
406516,0
284775,0
83371,0
255786,0
276925,0
351276,0
333117,0
192058,0
288726,0
65783,0
80251,0
335935,0
187474,0
370015,0
252272,0
308822,0
100360,0
346403,0
228406,0
272960,0
165229,0
365531,0
79497,0
162477,0
55530,0
231299,0
94571,0
386399,0
236930,0
386906,0
376315,0
118683,0
214703,0
165033,0
245993,0
29748,0
140545,0
155585,0
79919,0
69602,0
101371,0
231650,0
197259,0
353392,0
110409,0
191481,0
178091,0
223334,0
232137,0
132951,0
234178,0
319639,0
150557,0
295486,0
178192,0
114219,0
22293,0
214301,0
228374,0
291353,0
287533,0
1985,0
265691,0
22251,0
130803,0
252776,0
18003,0
58363,0
259468,0
339654,0
227673,0
336099,0
171328,0
397927,0
235334,0
339972,0
94794,0
320894,0
160257,0
365871,0
45043,0
325201,0
82944,0
29830,0
222962,0
312414,0
117955,0
257384,0
39159,0
85555,0
225714,0
158924,0
402142,0
110682,0
309313,0
414,0
112356,0
153687,0
128998,0
388219,0
92894,0
347759,0
397514,0
169633,0
266686,0
2337,0
135576,0
271678,0
35788,0
277202,0
164718,0
147950,0
392127,0
285256,0
379424,0
270498,0
365020,0
31809,0
240974,0
285786,0
138617,0
3629,0
212338,0
64034,0
250047,0
374881,0
282308,0
296396,0
361039,0
406332,0
266836,0
156714,0
385679,0
216951,0
333609,0
310932,0
333659,0
150962,0
327362,0
45246,0
14020,0
398317,0
392168,0
43700,0
103782,0
195794,0
121254,0
86943,0
341796,0
304160,0
18800,0
276387,0
294595,0
66671,0
114845,0
302952,0
247420,0
131967,0
393462,0
165214,0
349576,0
245123,0
312471,0
328379,0
294982,0
324825,0
83934,0
131644,0
276291,0
68779,0
95399,0
129968,0
226844,0
258187,0
83021,0
349030,0
228877,0
252276,0
91195,0
273454,0
155721,0
368459,0
186768,0
411311,0
296723,0
156179,0
157104,0
237587,0
71822,0
165916,0
296648,0
180734,0
19952,0
232801,0
48896,0
5246,0
30929,0
319437,0
242463,0
279503,0
309333,0
308023,0
89283,0
79493,0
5180,0
234820,0
28478,0
353619,0
46354,0
107484,0
248525,0
94412,0
24805,0
350517,0
8122,0
114089,0
229418,0
46042,0
366233,0
371293,0
129990,0
242402,0
22859,0
144212,0
311520,0
9859,0
325562,0
262572,0
287038,0
383415,0
251514,0
12121,0
240702,0
322295,0
169098,0
172830,0
69437,0
364902,0
172624,0
31708,0
108003,0
324032,0
282837,0
352655,0
375796,0
129688,0
145027,0
295679,0
43262,0
16764,0
76238,0
389918,0
362293,0
240360,0
299175,0
74505,0
113618,0
333073,0
173119,0
170247,0
59864,0
211303,0
312673,0
98987,0
173881,0
125642,0
206861,0
149767,0
261599,0
412037,0
8557,0
65955,0
328524,0
192679,0
55260,0
78013,0
106992,0
280933,0
105881,0
28440,0
27434,0
221681,0
6346,0
340176,0
390474,0
312020,0
330368,0
57778,0
51358,0
376335,0
228705,0
216205,0
406412,0
32181,0
140035,0
67027,0
203472,0
200580,0
239375,0
207980,0
142714,0
203731,0
267291,0
389820,0
209986,0
44707,0
329726,0
84594,0
387624,0
207033,0
186050,0
136886,0
303133,0
375472,0
215566,0
146866,0
162029,0
130250,0
68380,0
175132,0
212316,0
247915,0
42606,0
186779,0
117824,0
178053,0
336365,0
375069,0
139351,0
98929,0
150139,0
275005,0
345499,0
117181,0
307955,0
229281,0
218265,0
51507,0
25508,0
156318,0
301354,0
242776,0
212235,0
30676,0
186318,0
158304,0
49085,0
382857,0
193792,0
303281,0
387505,0
106479,0
236826,0
266610,0
275449,0
284106,0
249934,0
57773,0
187971,0
67179,0
155405,0
377125,0
6370,0
165894,0
28009,0
405241,0
293048,0
401296,0
14173,0
189821,0
378958,0
1341,0
256761,0
42876,0
168231,0
279881,0
311596,0
86473,0
177186,0
133541,0
364575,0
44812,0
35565,0
287688,0
22104,0
173368,0
354186,0
33518,0
43318,0
57985,0
204550,0
100898,0
229095,0
401621,0
237920,0
294761,0
278162,0
323676,0
187874,0
59523,0
326246,0
316879,0
63776,0
13342,0
47797,0
74620,0
236659,0
274550,0
248907,0
289568,0
304176,0
270820,0
15061,0
359970,0
60031,0
314788,0
141567,0
195847,0
189314,0
182762,0
153725,0
79472,0
324964,0
390187,0
119310,0
401749,0
393017,0
265419,0
14500,0
232155,0
408324,0
313725,0
42839,0
376319,0
172785,0
290543,0
51130,0
342738,0
344930,0
71149,0
404592,0
324489,0
14557,0
185435,0
26868,0
174276,0
211616,0
276777,0
357643,0
386960,0
129428,0
79973,0
290861,0
175078,0
282637,0
251840,0
310538,0
66196,0
203326,0
168072,0
303908,0
250716,0
300739,0
379395,0
50062,0
186272,0
262775,0
407477,0
91295,0
7893,0
326274,0
404194,0
106982,0
205473,0
106987,0
31360,0
170134,0
300960,0
10112,0
214175,0
61957,0
285852,0
368172,0
291312,0
287751,0
407471,0
314594,0
124254,0
198058,0
321656,0
133092,0
88291,0
265762,0
221765,0
205363,0
126505,0
288824,0
263951,0
37080,0
67005,0
80204,0
184414,0
32863,0
1801,0
99389,0
186858,0
110236,0
132872,0
247401,0
343096,0
351465,0
202060,0
83673,0
47042,0
19022,0
75820,0
372328,0
284573,0
205758,0
302158,0
38094,0
18505,0
133519,0
243378,0
156677,0
103609,0
56625,0
136537,0
282468,0
165171,0
579,0
358788,0
133464,0
64306,0
399600,0
246565,0
17589,0
33536,0
342911,0
375998,0
320837,0
173395,0
334954,0
404078,0
411396,0
107949,0
217751,0
373272,0
251957,0
320660,0
207206,0
315873,0
246733,0
318080,0
262806,0
192682,0
137529,0
301596,0
130721,0
334660,0
354388,0
69216,0
168565,0
282357,0
12219,0
339860,0
374146,0
395134,0
297432,0
404314,0
23479,0
101581,0
315835,0
407846,0
331194,0
110553,0
86009,0
87760,0
342240,0
116434,0
205106,0
109150,0
321565,0
306859,0
34259,0
35618,0
327247,0
237141,0
209406,0
407377,0
230346,0
238180,0
152945,0
335448,0
73036,0
401417,0
328817,0
208154,0
35516,0
88245,0
49574,0
308504,0
206159,0
18190,0
19840,0
144860,0
215613,0
38452,0
149627,0
254860,0
345813,0
277706,0
68276,0
250119,0
202837,0
156019,0
6045,0
123004,0
30279,0
99551,0
349059,0
149641,0
257748,0
372678,0
115065,0
398028,0
97399,0
127051,0
197784,0
121364,0
385368,0
58030,0
87233,0
300320,0
293134,0
230094,0
137733,0
151785,0
153827,0
262299,0
157156,0
375380,0
263924,0
224995,0
2941,0
204355,0
88486,0
406350,0
57652,0
268345,0
8551,0
402577,0
206583,0
335997,0
23651,0
14681,0
20231,0
20821,0
53890,0
57606,0
52623,0
146061,0
247553,0
260389,0
224670,0
322119,0
60849,0
366133,0
86688,0
301562,0
130907,0
39863,0
119159,0
30187,0
247609,0
277731,0
263498,0
122944,0
136327,0
103451,0
318063,0
378756,0
84783,0
365278,0
161226,0
227975,0
395548,0
323852,0
322416,0
242084,0
61800,0
358520,0
302663,0
271652,0
156519,0
18229,0
369481,0
313510,0
27341,0
296367,0
43369,0
387082,0
197204,0
8649,0
399943,0
38152,0
211400,0
28101,0
256611,0
399495,0
22154,0
97711,0
63512,0
166543,0
301064,0
136928,0
216148,0
273011,0
81129,0
132585,0
83036,0
226030,0
296789,0
286232,0
129641,0
278005,0
317930,0
208807,0
193238,0
217486,0
377167,0
240219,0
98235,0
177955,0
215057,0
395444,0
143108,0
411879,0
371841,0
321824,0
340551,0
355843,0
135258,0
394522,0
319730,0
114334,0
134392,0
238285,0
350871,0
353501,0
232781,0
190033,0
3825,0
355178,0
2960,0
226148,0
77577,0
23051,0
60890,0
54427,0
409867,0
149975,0
114153,0
295954,0
16854,0
308126,0
104693,0
377541,0
20089,0
56198,0
355647,0
96260,0
232822,0
406677,0
24470,0
182383,0
381090,0
69922,0
307142,0
143571,0
175077,0
244075,0
380877,0
188911,0
382768,0
306297,0
304333,0
145366,0
248734,0
7798,0
162780,0
405022,0
4852,0
321937,0
329199,0
104753,0
356758,0
7226,0
145912,0
60228,0
270688,0
368522,0
180976,0
208995,0
132131,0
408874,0
310077,0
37603,0
225788,0
308845,0
39375,0
79369,0
83700,0
196270,0
202782,0
87893,0
309410,0
297172,0
410348,0
286595,0
321740,0
198407,0
254364,0
209149,0
225032,0
285613,0
156626,0
357332,0
42161,0
44662,0
165146,0
319488,0
46796,0
62359,0
91244,0
251815,0
208751,0
105079,0
311525,0
394098,0
114980,0
404471,0
118339,0
166324,0
386858,0
246150,0
43833,0
140968,0
176613,0
208887,0
68907,0
411223,0
56824,0
298712,0
17822,0
42430,0
209626,0
33938,0
268927,0
219991,0
879,0
92951,0
33797,0
92543,0
182099,0
195933,0
276374,0
11946,0
269593,0
204030,0
396114,0
43841,0
329981,0
85379,0
311020,0
363758,0
117418,0
273836,0
208786,0
202275,0
292410,0
299546,0
8755,0
235471,0
326155,0
59861,0
148063,0
177509,0
304585,0
67728,0
298408,0
74627,0
394678,0
96494,0
206414,0
137982,0
86585,0
31776,0
176923,0
311428,0
168955,0
145851,0
180105,0
19531,0
270229,0
396925,0
405097,0
98213,0
205424,0
291200,0
167208,0
13107,0
310475,0
410084,0
222763,0
25000,0
349662,0
8689,0
278263,0
284326,0
59410,0
127654,0
349296,0
258629,0
182873,0
267540,0
351095,0
309766,0
319520,0
2165,0
43184,0
330508,0
240310,0
236979,0
81646,0
24961,0
264675,0
335101,0
211378,0
97005,0
221371,0
411063,0
145697,0
363282,0
291218,0
278527,0
253732,0
113519,0
94975,0
43264,0
51144,0
170807,0
52147,0
351827,0
16550,0
314325,0
390166,0
36306,0
145866,0
45581,0
267650,0
267606,0
113695,0
383571,0
30116,0
117185,0
394297,0
146294,0
385834,0
308451,0
73809,0
195969,0
164641,0
102802,0
264316,0
118105,0
315448,0
219892,0
197519,0
10177,0
354937,0
332476,0
334385,0
255143,0
41823,0
263487,0
13858,0
225586,0
164353,0
71674,0
141339,0
207902,0
327428,0
6463,0
119564,0
381516,0
161287,0
289885,0
87645,0
128412,0
349267,0
205454,0
97053,0
155499,0
172221,0
225233,0
178900,0
126829,0
240077,0
99051,0
224968,0
196655,0
3051,0
246190,0
248120,0
117710,0
305435,0
269471,0
239738,0
302262,0
363959,0
315796,0
230776,0
24145,0
294903,0
196149,0
209248,0
146964,0
271122,0
1644,0
271282,0
146689,0
355570,0
76311,0
103858,0
326558,0
191166,0
302793,0
393645,0
357496,0
76025,0
319564,0
389783,0
299794,0
370508,0
70020,0
67309,0
367405,0
305778,0
124297,0
396762,0
57958,0
364156,0
270055,0
335826,0
51449,0
237956,0
170858,0
398198,0
267502,0
258303,0
252140,0
356822,0
173714,0
250450,0
149717,0
239706,0
284836,0
133229,0
115941,0
242655,0
322217,0
181799,0
335835,0
366194,0
387395,0
235963,0
193183,0
285701,0
257221,0
267089,0
11224,0
35003,0
161049,0
272197,0
115393,0
313313,0
67153,0
116981,0
280030,0
158678,0
339781,0
350950,0
266919,0
28269,0
1168,0
285004,0
144797,0
88398,0
268783,0
257047,0
132144,0
375306,0
215979,0
123947,0
27182,0
86640,0
176647,0
127472,0
245670,0
282228,0
301305,0
185929,0
257971,0
40452,0
315250,0
310184,0
210470,0
71967,0
109169,0
164488,0
77929,0
336742,0
116700,0
46700,0
127635,0
401455,0
182492,0
171996,0
176380,0
299285,0
290979,0
249834,0
110406,0
179070,0
243255,0
225228,0
2898,0
255917,0
7967,0
384152,0
408675,0
34251,0
110124,0
238549,0
183479,0
32028,0
393684,0
254692,0
242833,0
299799,0
69011,0
293061,0
120528,0
75430,0
335899,0
273834,0
368645,0
304292,0
114688,0
133978,0
165806,0
275506,0
117138,0
16068,0
396862,0
166390,0
121041,0
403355,0
131977,0
310756,0
208641,0
96165,0
204019,0
315656,0
254606,0
120058,0
100613,0
200678,0
114414,0
309610,0
169550,0
50075,0
275741,0
67865,0
191771,0
159132,0
95992,0
391268,0
289814,0
202862,0
5296,0
156568,0
99618,0
136901,0
187774,0
14363,0
336509,0
349171,0
284740,0
33576,0
255080,0
85621,0
154817,0
296440,0
224285,0
252573,0
372524,0
208839,0
67778,0
268690,0
167471,0
406465,0
35720,0
392526,0
689,0
322466,0
394838,0
404025,0
380429,0
245441,0
333288,0
132037,0
35715,0
11305,0
217730,0
293771,0
339874,0
411682,0
64899,0
79807,0
30350,0
18527,0
58300,0
408958,0
368319,0
157147,0
109583,0
69119,0
260277,0
248473,0
193845,0
134001,0
98231,0
205183,0
160673,0
351046,0
57272,0
225349,0
214400,0
78968,0
357135,0
79659,0
121291,0
223313,0
171305,0
284397,0
394276,0
27741,0
96449,0
337580,0
350505,0
201698,0
160979,0
244217,0
115532,0
354050,0
289479,0
227684,0
109946,0
182045,0
266807,0
74009,0
125351,0
203658,0
294339,0
178861,0
279474,0
124261,0
259845,0
139658,0
91377,0
5914,0
340679,0
93488,0
196572,0
133959,0
84669,0
201627,0
51736,0
304351,0
396832,0
231291,0
273318,0
249564,0
92943,0
360721,0
241824,0
121193,0
366347,0
47393,0
190897,0
113397,0
259175,0
36861,0
28862,0
399380,0
344787,0
192573,0
383627,0
61760,0
340066,0
202166,0
398303,0
331594,0
110125,0
54623,0
365864,0
54222,0
167458,0
67512,0
48364,0
206633,0
16685,0
182561,0
287539,0
22428,0
231080,0
261735,0
51088,0
5602,0
411829,0
385707,0
392767,0
365260,0
157792,0
395334,0
113953,0
383604,0
409954,0
214302,0
199695,0
127597,0
139336,0
75425,0
30678,0
225043,0
25299,0
360535,0
76799,0
138837,0
58606,0
380584,0
222232,0
155717,0
214973,0
363517,0
409250,0
214837,0
364116,0
161684,0
130127,0
130041,0
285103,0
314340,0
387397,0
226881,0
356090,0
149685,0
18792,0
50088,0
154574,0
66217,0
169471,0
126186,0
339931,0
134775,0
127046,0
303601,0
107207,0
330723,0
185576,0
273360,0
342680,0
16502,0
159230,0
363294,0
312085,0
48720,0
227602,0
204822,0
348517,0
349740,0
411494,0
168295,0
337424,0
363167,0
143717,0
17853,0
15485,0
105133,0
93713,0
368532,0
331129,0
32564,0
121012,0
167634,0
297308,0
60960,0
19258,0
93258,0
143088,0
154977,0
255840,0
18597,0
341397,0
255254,0
369113,0
185176,0
397185,0
281501,0
411351,0
408939,0
351786,0
278470,0
198590,0
303038,0
385511,0
142145,0
184544,0
19820,0
311448,0
48471,0
205291,0
267707,0
22572,0
156923,0
242136,0
83198,0
117441,0
303975,0
200982,0
239849,0
18732,0
354913,0
132505,0
237278,0
279049,0
316595,0
43051,0
69008,0
150894,0
122887,0
121952,0
61747,0
192466,0
186680,0
260273,0
125896,0
48711,0
362814,0
308469,0
49047,0
102212,0
55368,0
328697,0
396569,0
59555,0
62310,0
171597,0
322720,0
224984,0
282382,0
167738,0
367287,0
382267,0
172760,0
198769,0
342589,0
269445,0
384950,0
181200,0
185214,0
201297,0
405725,0
289265,0
261792,0
295735,0
334416,0
374118,0
387422,0
54437,0
168449,0
67343,0
130844,0
256395,0
284885,0
249375,0
292366,0
308121,0
310918,0
305420,0
7649,0
70204,0
336689,0
264979,0
357040,0
34443,0
507,0
270043,0
163886,0
175848,0
54404,0
81731,0
366082,0
317049,0
214462,0
263470,0
253366,0
34657,0
352708,0
406868,0
107676,0
289298,0
219970,0
54230,0
71554,0
138546,0
3156,0
412035,0
292481,0
111590,0
302735,0
260473,0
213678,0
64523,0
329574,0
361397,0
309067,0
187670,0
49264,0
155031,0
202293,0
206216,0
104908,0
87102,0
266680,0
82190,0
386382,0
62616,0
340406,0
372713,0
94381,0
400776,0
64206,0
207232,0
18157,0
16081,0
386090,0
211901,0
298500,0
135043,0
163345,0
1697,0
201063,0
262961,0
127661,0
36618,0
313731,0
37251,0
332101,0
74655,0
137653,0
329637,0
9867,0
82270,0
339990,0
185087,0
305750,0
9208,0
178405,0
399540,0
242528,0
183576,0
283850,0
286421,0
223722,0
173488,0
351709,0
38450,0
324753,0
401535,0
132320,0
75637,0
258576,0
73986,0
147018,0
408284,0
192623,0
203799,0
102964,0
391446,0
97238,0
72614,0
161457,0
325629,0
168992,0
167483,0
267604,0
367504,0
366644,0
94251,0
411636,0
234850,0
4385,0
107131,0
262783,0
150223,0
352836,0
144086,0
22734,0
152233,0
21440,0
394438,0
139209,0
209993,0
257669,0
336686,0
1977,0
133418,0
32701,0
60145,0
156123,0
396713,0
226237,0
297487,0
13990,0
369582,0
205104,0
313580,0
27806,0
390301,0
402277,0
209250,0
142039,0
269859,0
274714,0
403126,0
23947,0
28727,0
328283,0
158753,0
62502,0
172096,0
397317,0
136477,0
190642,0
380945,0
143619,0
220215,0
230845,0
304287,0
289191,0
122528,0
320396,0
406420,0
191629,0
284787,0
271996,0
45390,0
152187,0
298483,0
215658,0
360003,0
143323,0
259244,0
68206,0
96808,0
265688,0
132545,0
337858,0
44444,0
69340,0
375550,0
107416,0
209949,0
276130,0
313056,0
76640,0
149355,0
145893,0
280750,0
168501,0
197970,0
81203,0
308226,0
358488,0
27097,0
197670,0
385646,0
379262,0
175669,0
158686,0
71461,0
254420,0
163317,0
284551,0
131745,0
17596,0
375494,0
282597,0
18820,0
101990,0
330561,0
120349,0
258193,0
325479,0
139260,0
360080,0
384637,0
140582,0
17670,0
199076,0
312724,0
368377,0
211858,0
18507,0
229119,0
125429,0
61687,0
308898,0
289961,0
267845,0
262642,0
108737,0
88089,0
98815,0
26986,0
269455,0
350074,0
9834,0
352749,0
203240,0
256922,0
230981,0
2423,0
403467,0
167743,0
178600,0
242343,0
149686,0
389817,0
97909,0
255838,0
362695,0
410321,0
1200,0
184930,0
408403,0
80161,0
342659,0
29339,0
3100,0
24401,0
309213,0
255072,0
18467,0
15845,0
95112,0
293089,0
312640,0
52201,0
327589,0
346847,0
146737,0
228303,0
253910,0
326457,0
301748,0
175301,0
2395,0
55171,0
146963,0
40389,0
294389,0
236135,0
92578,0
206419,0
35681,0
211202,0
62784,0
300625,0
178574,0
233442,0
223614,0
87930,0
101941,0
43091,0
71877,0
377473,0
13401,0
126573,0
167701,0
182372,0
278583,0
63687,0
77162,0
402414,0
342076,0
19337,0
259955,0
287342,0
110614,0
341396,0
368334,0
303963,0
138804,0
196815,0
220876,0
273959,0
347057,0
62666,0
323809,0
348913,0
376857,0
107284,0
84799,0
343668,0
376204,0
13881,0
78702,0
320534,0
20340,0
405997,0
3085,0
338857,0
30011,0
395831,0
359239,0
121055,0
105093,0
359760,0
307598,0
84906,0
293671,0
64064,0
284211,0
33500,0
246825,0
247154,0
103981,0
401478,0
377146,0
85944,0
383906,0
356127,0
198913,0
200533,0
277323,0
47063,0
397486,0
275258,0
179464,0
66608,0
41958,0
84018,0
132426,0
318898,0
327359,0
165709,0
336955,0
119950,0
128533,0
232752,0
339984,0
71560,0
248418,0
159434,0
141348,0
22409,0
283077,0
255245,0
379991,0
376974,0
383939,0
361762,0
128665,0
30795,0
248540,0
381685,0
1182,0
257213,0
101277,0
88099,0
377903,0
77635,0
255785,0
784,0
343508,0
102428,0
410793,0
399173,0
21654,0
291480,0
394665,0
35576,0
94557,0
394905,0
66028,0
309523,0
396921,0
228425,0
316665,0
252309,0
298206,0
215268,0
376539,0
175696,0
44326,0
226928,0
136077,0
262423,0
19000,0
346147,0
346229,0
24577,0
64907,0
44912,0
202139,0
153205,0
21883,0
18457,0
350339,0
289128,0
303229,0
238622,0
151381,0
240913,0
254380,0
19498,0
361053,0
87544,0
262816,0
7717,0
284054,0
150916,0
242661,0
179923,0
55389,0
197025,0
11402,0
361904,0
241269,0
14914,0
146461,0
361774,0
30055,0
7600,0
272379,0
2931,0
336221,0
358272,0
14022,0
141986,0
269626,0
105210,0
391068,0
339943,0
347092,0
304447,0
117649,0
171675,0
357106,0
387875,0
269406,0
334895,0
384960,0
34292,0
24681,0
404342,0
184480,0
185111,0
45917,0
118223,0
408191,0
83194,0
402787,0
140513,0
353975,0
283484,0
405379,0
67445,0
394334,0
275815,0
409820,0
300556,0
114443,0
43536,0
326837,0
89901,0
301701,0
2097,0
252647,0
55234,0
215384,0
360523,0
41856,0
107945,0
334992,0
385994,0
395498,0
257113,0
4985,0
332749,0
244290,0
6295,0
122171,0
337302,0
263980,0
131704,0
61961,0
69527,0
229108,0
138637,0
36506,0
10154,0
41130,0
289451,0
354606,0
305977,0
226668,0
356949,0
273508,0
360631,0
346276,0
74339,0
411208,0
382190,0
240425,0
184680,0
333766,0
240010,0
332503,0
340003,0
98292,0
295572,0
34770,0
83182,0
109244,0
372625,0
354287,0
278748,0
103194,0
196942,0
89872,0
223090,0
209383,0
370123,0
157608,0
24439,0
89779,0
81483,0
347895,0
253372,0
82423,0
133510,0
210268,0
385939,0
242513,0
74194,0
223431,0
314731,0
56031,0
163164,0
139401,0
342027,0
193123,0
91223,0
13515,0
211664,0
270807,0
219538,0
3083,0
208817,0
52865,0
403353,0
257928,0
214708,0
3336,0
260960,0
53884,0
303957,0
349436,0
195604,0
61166,0
173566,0
229614,0
158764,0
200285,0
30254,0
238747,0
244044,0
150771,0
157041,0
227910,0
107852,0
26652,0
407362,0
26912,0
24995,0
309380,0
134751,0
76527,0
264024,0
311145,0
174144,0
351903,0
49634,0
228274,0
135557,0
220442,0
155193,0
407540,0
78611,0
390463,0
27937,0
112094,0
400671,0
384571,0
399624,0
42549,0
333369,0
78454,0
327979,0
254524,0
60051,0
105516,0
27536,0
360688,0
134954,0
44296,0
277992,0
110204,0
217561,0
80716,0
369252,0
323456,0
177121,0
248389,0
206685,0
8403,0
250008,0
156428,0
112965,0
15471,0
328987,0
117657,0
107712,0
411596,0
2841,0
384257,0
200530,0
288275,0
61376,0
381783,0
114928,0
107415,0
111212,0
223108,0
340371,0
283541,0
253577,0
103188,0
317129,0
219150,0
307961,0
404512,0
216015,0
265612,0
228997,0
302650,0
407318,0
257193,0
27994,0
299531,0
287888,0
345767,0
287144,0
58966,0
325906,0
272113,0
50135,0
387105,0
228079,0
130540,0
375925,0
65554,0
273814,0
176741,0
52602,0
320709,0
330302,0
129166,0
370210,0
107726,0
200074,0
12481,0
266062,0
198888,0
257003,0
5472,0
118046,0
13665,0
284085,0
265841,0
159295,0
87284,0
171087,0
140188,0
119966,0
410532,0
156589,0
181344,0
215937,0
399537,0
66326,0
379390,0
44744,0
40387,0
148692,0
365632,0
121114,0
215951,0
382803,0
56725,0
297970,0
229681,0
103471,0
61610,0
152248,0
119034,0
337211,0
99578,0
352875,0
372621,0
22001,0
596,0
91967,0
343189,0
179140,0
298168,0
129051,0
33223,0
129812,0
212881,0
196191,0
65329,0
328502,0
41440,0
794,0
205765,0
305023,0
302926,0
339701,0
311945,0
329356,0
171497,0
92092,0
129350,0
233015,0
333338,0
288521,0
4509,0
373131,0
259925,0
55393,0
344865,0
149364,0
32830,0
308220,0
154868,0
27405,0
92976,0
230571,0
107424,0
312559,0
8738,0
194205,0
363188,0
253930,0
302965,0
263903,0
68033,0
322522,0
261270,0
77755,0
40314,0
31804,0
22696,0
207326,0
46996,0
132296,0
77491,0
109696,0
124347,0
13077,0
357181,0
264683,0
407167,0
343442,0
21930,0
261663,0
42596,0
153706,0
301387,0
328126,0
114886,0
317795,0
274454,0
323800,0
151000,0
382476,0
204568,0
313810,0
377012,0
360690,0
160013,0
288403,0
81739,0
262255,0
226118,0
382349,0
130548,0
244672,0
223307,0
336931,0
171648,0
195995,0
95891,0
320074,0
127997,0
301162,0
122838,0
313874,0
322326,0
131481,0
400712,0
371047,0
148604,0
161400,0
353411,0
336313,0
171574,0
269717,0
349656,0
181131,0
134381,0
298441,0
68893,0
259938,0
62869,0
276275,0
276283,0
113807,0
30197,0
133589,0
134534,0
20474,0
76257,0
237212,0
312347,0
349326,0
273172,0
226704,0
29057,0
344875,0
88509,0
6900,0
409569,0
194510,0
251993,0
411591,0
127256,0
374566,0
123314,0
79153,0
388093,0
165161,0
318278,0
276592,0
300035,0
292473,0
114435,0
169643,0
94275,0
93800,0
66421,0
197800,0
183264,0
286631,0
286566,0
127930,0
407113,0
251657,0
255271,0
234640,0
252458,0
355956,0
125677,0
130499,0
171588,0
77744,0
33023,0
386470,0
129946,0
157222,0
236421,0
181710,0
30527,0
153909,0
29396,0
180970,0
148438,0
181908,0
331387,0
235480,0
130316,0
165045,0
58231,0
316403,0
327242,0
213687,0
358459,0
5189,0
9916,0
134844,0
31684,0
244915,0
389643,0
37381,0
166679,0
283854,0
375187,0
91435,0
57751,0
272419,0
66540,0
192807,0
154054,0
222995,0
129926,0
235203,0
3911,0
240001,0
387952,0
80868,0
91062,0
25313,0
773,0
67109,0
42864,0
84667,0
226527,0
137925,0
34545,0
209614,0
214863,0
114036,0
117561,0
350267,0
271789,0
193365,0
319210,0
65471,0
361023,0
290587,0
134260,0
233273,0
275643,0
1245,0
272416,0
46216,0
375483,0
91474,0
96906,0
321389,0
35880,0
317263,0
286457,0
351893,0
82358,0
175571,0
20824,0
91182,0
227665,0
68901,0
313557,0
69397,0
269275,0
403494,0
104792,0
87353,0
296403,0
210677,0
238930,0
291225,0
332855,0
286052,0
223214,0
5966,0
267435,0
189655,0
147254,0
34340,0
219394,0
207814,0
242421,0
308238,0
383056,0
91115,0
266672,0
263673,0
331106,0
36732,0
131344,0
223777,0
353896,0
120152,0
99464,0
310638,0
62190,0
358174,0
397781,0
351177,0
282133,0
1882,0
21460,0
265209,0
238874,0
406955,0
261089,0
284427,0
56605,0
4525,0
125940,0
399920,0
177834,0
147735,0
285918,0
113358,0
323933,0
302270,0
16133,0
138344,0
338472,0
53272,0
100980,0
6384,0
104208,0
99456,0
18700,0
306384,0
90666,0
90229,0
20022,0
67506,0
285384,0
290748,0
93985,0
305879,0
184766,0
107965,0
319632,0
274283,0
375186,0
44378,0
378964,0
39824,0
344774,0
22482,0
296004,0
178274,0
85771,0
34850,0
183645,0
35656,0
161649,0
188471,0
320303,0
116707,0
134250,0
182427,0
179060,0
93371,0
373409,0
411739,0
398219,0
172962,0
49374,0
109007,0
298998,0
401496,0
32353,0
105181,0
100773,0
48754,0
43403,0
155557,0
149106,0
122062,0
30868,0
364105,0
109514,0
204643,0
277195,0
195146,0
171301,0
214050,0
3936,0
53078,0
121022,0
374880,0
126826,0
46766,0
221348,0
60452,0
85314,0
22190,0
201270,0
113230,0
285935,0
313134,0
63809,0
410618,0
374079,0
150777,0
61280,0
289942,0
49841,0
255174,0
139358,0
7676,0
303527,0
265928,0
165748,0
72013,0
352694,0
59777,0
271544,0
403881,0
227618,0
336797,0
405126,0
170045,0
44861,0
370418,0
52528,0
165189,0
35349,0
64652,0
50005,0
390851,0
11612,0
270926,0
202246,0
363731,0
287614,0
142643,0
17856,0
102863,0
113035,0
411977,0
263876,0
269780,0
396498,0
229089,0
76839,0
173506,0
317563,0
154919,0
136852,0
390558,0
299196,0
334252,0
343032,0
302904,0
275116,0
301258,0
298413,0
228323,0
155002,0
228153,0
195161,0
179711,0
348965,0
155041,0
285787,0
280210,0
9747,0
404752,0
99788,0
405940,0
391846,0
159494,0
393607,0
353097,0
402959,0
60651,0
114287,0
101789,0
185697,0
79860,0
211414,0
313040,0
404456,0
379045,0
20367,0
403299,0
228424,0
113450,0
354375,0
67669,0
217246,0
288739,0
112981,0
81,0
58475,0
394339,0
20170,0
265343,0
86310,0
188090,0
32852,0
239616,0
68505,0
273297,0
273584,0
247943,0
81320,0
202302,0
129699,0
81518,0
378728,0
88304,0
123934,0
193722,0
125312,0
314260,0
241244,0
273199,0
10815,0
298828,0
353566,0
219152,0
258143,0
73540,0
46361,0
307292,0
246544,0
105664,0
355148,0
172147,0
294868,0
206551,0
248508,0
254970,0
341635,0
324961,0
328144,0
129164,0
236204,0
227365,0
368902,0
149213,0
59914,0
244283,0
189840,0
5871,0
30774,0
372801,0
3468,0
90668,0
107706,0
46459,0
168331,0
317884,0
323340,0
104075,0
308792,0
318528,0
87024,0
173891,0
330296,0
339573,0
180240,0
18364,0
249936,0
170334,0
5744,0
80396,0
267560,0
344138,0
345518,0
144015,0
121533,0
139293,0
306572,0
339846,0
226856,0
341621,0
182273,0
13810,0
317172,0
346536,0
349637,0
318948,0
201168,0
360429,0
130154,0
134702,0
134573,0
9958,0
321060,0
114255,0
160202,0
47533,0
307326,0
154132,0
350957,0
246543,0
79313,0
215279,0
130341,0
169313,0
106560,0
137512,0
230989,0
297395,0
140657,0
210922,0
73477,0
395270,0
199351,0
84036,0
46300,0
137566,0
249358,0
1279,0
130533,0
405251,0
3049,0
261949,0
124600,0
67835,0
240430,0
262012,0
177102,0
235530,0
14904,0
207076,0
226505,0
38360,0
95746,0
34871,0
273606,0
164652,0
362361,0
203212,0
47871,0
89237,0
81055,0
298804,0
397595,0
98493,0
13125,0
47712,0
348100,0
159828,0
281184,0
237313,0
238365,0
12689,0
384760,0
354386,0
51925,0
73266,0
136302,0
132816,0
312723,0
100198,0
62741,0
94204,0
50841,0
388927,0
51297,0
54068,0
377129,0
120155,0
169246,0
386582,0
106871,0
146485,0
23889,0
39210,0
128264,0
173043,0
376289,0
261634,0
154722,0
311898,0
9096,0
395126,0
53785,0
111649,0
18178,0
347009,0
167114,0
274877,0
29735,0
35801,0
288888,0
365170,0
128646,0
311950,0
317740,0
70794,0
284629,0
134430,0
22317,0
163925,0
246598,0
241660,0
20110,0
94144,0
306526,0
235726,0
396681,0
348042,0
234999,0
244197,0
259691,0
55526,0
238596,0
337130,0
406768,0
360913,0
153697,0
567,0
342957,0
235626,0
373865,0
389346,0
22725,0
282720,0
161904,0
165428,0
376848,0
220179,0
369791,0
195376,0
278614,0
255429,0
209592,0
130294,0
373754,0
365334,0
400636,0
369653,0
160871,0
31331,0
149439,0
325863,0
22089,0
7819,0
311211,0
129062,0
149584,0
376503,0
3738,0
60698,0
8656,0
18817,0
38490,0
389642,0
41032,0
326653,0
43627,0
411610,0
31290,0
250678,0
272520,0
85047,0
189039,0
101139,0
58216,0
89395,0
396054,0
363170,0
274928,0
92695,0
42073,0
382376,0
371982,0
309221,0
338437,0
327516,0
262147,0
37879,0
271916,0
130267,0
365036,0
395685,0
109186,0
267991,0
278635,0
265948,0
344590,0
259656,0
201601,0
342618,0
248717,0
388179,0
39586,0
406456,0
378065,0
352314,0
286637,0
158070,0
290624,0
341394,0
173439,0
35953,0
42194,0
258293,0
398074,0
134959,0
70418,0
401057,0
248297,0
223298,0
155404,0
133214,0
324815,0
199342,0
407597,0
408169,0
307830,0
296178,0
255550,0
65940,0
65400,0
205672,0
33036,0
122087,0
351147,0
403169,0
156117,0
213511,0
275383,0
96206,0
237686,0
92192,0
226339,0
290011,0
216546,0
340062,0
363718,0
224528,0
192238,0
2758,0
344393,0
106616,0
251616,0
143300,0
163340,0
24101,0
393726,0
318530,0
350000,0
334117,0
215376,0
243427,0
223114,0
92352,0
356392,0
12467,0
120697,0
204837,0
136137,0
71321,0
87094,0
327770,0
33645,0
120531,0
350065,0
853,0
193659,0
107952,0
283777,0
45845,0
144179,0
353298,0
284523,0
117017,0
116592,0
49300,0
38818,0
380495,0
380771,0
355306,0
22066,0
30616,0
360102,0
376883,0
394570,0
1797,0
47059,0
314466,0
301046,0
1955,0
300733,0
240394,0
168544,0
132354,0
82780,0
98524,0
261320,0
65681,0
247971,0
150989,0
28897,0
325093,0
266642,0
170333,0
129772,0
106408,0
194334,0
105952,0
200394,0
149038,0
87715,0
348907,0
320868,0
382541,0
365536,0
88622,0
201236,0
192978,0
315860,0
372499,0
290606,0
38949,0
354452,0
115208,0
30467,0
170356,0
73639,0
257796,0
317983,0
277160,0
361268,0
20408,0
45282,0
6639,0
130534,0
287767,0
151250,0
321255,0
343450,0
408627,0
173489,0
202148,0
227206,0
160817,0
409313,0
276083,0
126023,0
218,0
130726,0
378628,0
16342,0
248489,0
67724,0
302806,0
212318,0
289749,0
13245,0
395301,0
107016,0
84974,0
349203,0
168941,0
62070,0
259590,0
73464,0
242212,0
179631,0
352295,0
304262,0
38216,0
241754,0
166973,0
30903,0
107980,0
223427,0
69933,0
77039,0
322499,0
328938,0
399619,0
249098,0
101423,0
138893,0
44355,0
292999,0
392755,0
186527,0
35572,0
269131,0
310781,0
361707,0
67068,0
219964,0
186767,0
74716,0
336648,0
60393,0
240370,0
185822,0
70933,0
172687,0
114449,0
371642,0
255936,0
387561,0
331406,0
26852,0
107005,0
216737,0
327344,0
246405,0
163873,0
175292,0
84057,0
23717,0
225753,0
353333,0
240557,0
284006,0
9977,0
62852,0
170556,0
158143,0
18181,0
226270,0
18600,0
5829,0
166419,0
287442,0
92683,0
274417,0
240108,0
22298,0
287387,0
139255,0
206174,0
387565,0
364396,0
247265,0
103806,0
170549,0
355958,0
107982,0
253415,0
316097,0
160360,0
197967,0
147197,0
176315,0
366647,0
154492,0
239982,0
31449,0
120497,0
150463,0
307746,0
156751,0
336236,0
122651,0
103853,0
355468,0
405951,0
318820,0
322774,0
180296,0
221943,0
34655,0
127082,0
101428,0
338995,0
404362,0
137516,0
206851,0
262676,0
297848,0
72437,0
247104,0
169071,0
41061,0
292627,0
59966,0
84429,0
16524,0
332958,0
180665,0
138439,0
20624,0
44813,0
320171,0
385657,0
25668,0
394903,0
62131,0
178597,0
297844,0
97886,0
291494,0
400801,0
402182,0
210288,0
67329,0
323380,0
3452,0
73895,0
184006,0
103395,0
161333,0
128791,0
70906,0
272595,0
331146,0
345471,0
214693,0
283270,0
242503,0
383197,0
27062,0
409222,0
383419,0
29291,0
213885,0
157654,0
373760,0
405999,0
86123,0
339569,0
246587,0
297991,0
270214,0
114829,0
8578,0
213482,0
361361,0
388939,0
248202,0
208296,0
149867,0
17421,0
2908,0
105420,0
255767,0
219057,0
335047,0
192016,0
95081,0
290533,0
184790,0
348959,0
223775,0
61411,0
357649,0
71746,0
275732,0
258163,0
116109,0
228220,0
3217,0
15528,0
162716,0
276892,0
195384,0
361073,0
347415,0
11848,0
178389,0
321891,0
316340,0
80757,0
148703,0
89169,0
87281,0
266102,0
138876,0
157939,0
340720,0
214499,0
403427,0
44104,0
269812,0
390270,0
132389,0
240845,0
34149,0
44646,0
221160,0
56602,0
46048,0
4135,0
193505,0
282914,0
33219,0
197128,0
200825,0
146342,0
279272,0
207450,0
81025,0
120459,0
10989,0
287830,0
277548,0
102677,0
321817,0
235483,0
115886,0
91095,0
155265,0
345067,0
117300,0
287771,0
218142,0
310831,0
170420,0
75489,0
228137,0
78206,0
9048,0
124124,0
139654,0
62094,0
330188,0
411276,0
64871,0
208010,0
322153,0
345609,0
98672,0
33217,0
27582,0
365584,0
81632,0
49457,0
211488,0
305593,0
119782,0
245604,0
116871,0
20912,0
35150,0
222285,0
211991,0
388639,0
300025,0
129142,0
255612,0
290556,0
147343,0
356939,0
127985,0
129953,0
352438,0
317537,0
300473,0
180893,0
28865,0
154,0
46666,0
317982,0
186875,0
272442,0
263684,0
76700,0
385877,0
348238,0
306609,0
409007,0
122502,0
226752,0
181948,0
118785,0
25619,0
280996,0
231153,0
386761,0
6471,0
104375,0
229834,0
391603,0
268879,0
149540,0
359362,0
303155,0
7992,0
147437,0
186142,0
18707,0
303221,0
215539,0
58603,0
6117,0
321701,0
51327,0
349717,0
215400,0
117623,0
172078,0
340278,0
12610,0
87733,0
19175,0
107771,0
229347,0
16833,0
66069,0
209875,0
33762,0
46986,0
15634,0
41426,0
34314,0
307339,0
22143,0
364565,0
162603,0
124136,0
214704,0
323565,0
156340,0
359711,0
299946,0
132550,0
82162,0
67495,0
105765,0
47995,0
397246,0
59197,0
250323,0
35870,0
322116,0
172829,0
44936,0
34468,0
207149,0
278976,0
141795,0
46686,0
359069,0
332934,0
313102,0
164260,0
249035,0
246040,0
212450,0
261246,0
114094,0
303628,0
337883,0
163365,0
311770,0
67469,0
155060,0
269761,0
308010,0
263677,0
174219,0
167260,0
223768,0
170713,0
175381,0
174975,0
243615,0
240568,0
169864,0
287451,0
125675,0
148196,0
221045,0
294286,0
91471,0
93951,0
258184,0
326319,0
193086,0
326461,0
74554,0
349885,0
360189,0
274422,0
239863,0
175250,0
88389,0
212224,0
41196,0
392285,0
262561,0
26936,0
411969,0
269918,0
173861,0
39115,0
96650,0
114392,0
308302,0
28725,0
174760,0
194126,0
104224,0
148300,0
78196,0
288361,0
21278,0
26976,0
96116,0
80469,0
66048,0
223665,0
175287,0
242360,0
82701,0
164548,0
111673,0
197695,0
119044,0
255771,0
285020,0
9746,0
409619,0
207703,0
344847,0
345198,0
212843,0
117716,0
386229,0
354282,0
190023,0
55762,0
127194,0
201558,0
213282,0
309274,0
283917,0
205838,0
144641,0
300322,0
215662,0
296379,0
88440,0
156815,0
261973,0
70753,0
269183,0
44127,0
326069,0
335355,0
84405,0
408635,0
131295,0
187564,0
411769,0
156464,0
292201,0
300881,0
330025,0
378537,0
327181,0
62820,0
147966,0
181246,0
170492,0
72137,0
299170,0
3210,0
166668,0
293620,0
345464,0
41676,0
164784,0
215696,0
266838,0
80832,0
370955,0
232603,0
81242,0
180603,0
8983,0
151744,0
277540,0
153079,0
108568,0
54680,0
10841,0
1492,0
155598,0
112749,0
373042,0
133234,0
282815,0
203852,0
19859,0
201429,0
377465,0
300815,0
135715,0
357081,0
130479,0
219065,0
395980,0
327312,0
135865,0
76600,0
101680,0
118577,0
339282,0
209488,0
257230,0
123492,0
363229,0
403991,0
253816,0
344406,0
150323,0
119908,0
210768,0
185519,0
354360,0
62581,0
160509,0
176798,0
71851,0
322926,0
340450,0
157764,0
163731,0
234158,0
242976,0
117963,0
118150,0
61758,0
18561,0
354536,0
353181,0
310708,0
153977,0
93643,0
255317,0
305482,0
196804,0
30287,0
87220,0
289849,0
234064,0
157488,0
6087,0
119168,0
167541,0
357638,0
359901,0
43160,0
95006,0
130676,0
229489,0
396381,0
5904,0
49993,0
692,0
387284,0
68069,0
215508,0
33530,0
318974,0
377692,0
361823,0
40339,0
229239,0
23043,0
60595,0
289389,0
225605,0
399547,0
344497,0
3723,0
396482,0
406989,0
40382,0
279792,0
157275,0
107845,0
58938,0
317564,0
302105,0
194268,0
97343,0
277399,0
333963,0
278052,0
347733,0
49523,0
245332,0
336946,0
101584,0
62651,0
361703,0
336372,0
312230,0
102375,0
146921,0
39889,0
327723,0
372840,0
295611,0
31228,0
71136,0
282062,0
118121,0
129163,0
81049,0
85596,0
373191,0
285983,0
199875,0
95368,0
179993,0
346047,0
99898,0
328627,0
93292,0
22402,0
162162,0
201048,0
240748,0
295387,0
173346,0
289016,0
279898,0
411197,0
122727,0
253759,0
208123,0
69418,0
159625,0
220083,0
342987,0
162988,0
168802,0
174985,0
81595,0
4244,0
305149,0
266687,0
99798,0
372406,0
245196,0
68031,0
230997,0
227007,0
354440,0
71767,0
30942,0
225998,0
151773,0
216184,0
382776,0
172376,0
169611,0
252035,0
275091,0
395091,0
181295,0
104463,0
146860,0
332981,0
121982,0
377637,0
91862,0
35633,0
406002,0
369425,0
314939,0
389271,0
369060,0
74191,0
280548,0
218459,0
351304,0
173322,0
287356,0
93960,0
141228,0
178626,0
266190,0
398982,0
226350,0
290797,0
287236,0
356232,0
198295,0
143273,0
298747,0
295476,0
316074,0
353960,0
58616,0
130566,0
137957,0
338949,0
58036,0
284933,0
27415,0
271119,0
352800,0
244910,0
154367,0
332009,0
211078,0
259358,0
213128,0
77558,0
3903,0
129734,0
270851,0
7512,0
115964,0
101197,0
77214,0
405447,0
378747,0
150291,0
190199,0
130129,0
335332,0
220706,0
86656,0
175510,0
211038,0
230088,0
126962,0
115267,0
3840,0
352421,0
56384,0
19375,0
125392,0
358537,0
238724,0
243930,0
99606,0
210328,0
32341,0
168641,0
8263,0
300658,0
265315,0
323021,0
15544,0
383232,0
220938,0
162498,0
197882,0
137489,0
125669,0
239950,0
186076,0
40349,0
56063,0
267126,0
156359,0
246909,0
223991,0
159752,0
316040,0
294398,0
361548,0
305455,0
46120,0
115482,0
156197,0
118900,0
100978,0
161343,0
349369,0
175854,0
354109,0
18620,0
60472,0
246984,0
403247,0
340613,0
184894,0
364414,0
38753,0
316070,0
377246,0
401050,0
399690,0
214744,0
226217,0
222991,0
394122,0
395651,0
45762,0
20050,0
364218,0
77900,0
280777,0
77583,0
83428,0
203885,0
87721,0
389913,0
213976,0
380047,0
126390,0
231256,0
122793,0
145997,0
35574,0
260594,0
73972,0
155698,0
290827,0
22590,0
247350,0
170205,0
56521,0
23773,0
83714,0
35597,0
406296,0
4213,0
263333,0
166469,0
64030,0
368065,0
251951,0
155978,0
385361,0
339544,0
267584,0
374213,0
365773,0
224290,0
219639,0
165616,0
178758,0
82415,0
356929,0
286380,0
174199,0
172821,0
357190,0
348934,0
92343,0
287425,0
274531,0
130030,0
83705,0
227967,0
99216,0
343872,0
183870,0
352470,0
324349,0
104710,0
266121,0
80999,0
280499,0
85838,0
276705,0
240451,0
301278,0
144687,0
332681,0
250293,0
111570,0
42290,0
80306,0
368354,0
216507,0
287571,0
324772,0
239786,0
132297,0
167217,0
147687,0
302107,0
100663,0
163424,0
375935,0
177249,0
19663,0
196235,0
243442,0
361786,0
114103,0
109831,0
174043,0
286635,0
230047,0
240723,0
34169,0
181558,0
74294,0
348218,0
112506,0
126210,0
242716,0
368932,0
217482,0
315442,0
155025,0
290269,0
73343,0
56941,0
65199,0
749,0
75424,0
369135,0
309013,0
5665,0
369667,0
78105,0
252098,0
85744,0
31816,0
196321,0
127081,0
253401,0
337190,0
41003,0
163787,0
368121,0
14499,0
259995,0
363841,0
243562,0
339204,0
41235,0
205398,0
229642,0
134206,0
196910,0
261376,0
101759,0
240733,0
170892,0
376807,0
318140,0
184559,0
155574,0
262311,0
394170,0
117823,0
142559,0
280237,0
221069,0
252692,0
356971,0
194700,0
375576,0
240699,0
129059,0
63206,0
68733,0
194177,0
240698,0
208353,0
248642,0
261672,0
309038,0
211833,0
57916,0
315817,0
165450,0
281438,0
356852,0
244194,0
359523,0
135136,0
23072,0
112744,0
158347,0
2427,0
392669,0
157295,0
61949,0
156151,0
406694,0
58887,0
128666,0
87010,0
311173,0
332368,0
200109,0
363506,0
114628,0
134569,0
19192,0
198406,0
116868,0
221157,0
298071,0
286155,0
244644,0
151200,0
319031,0
381271,0
57221,0
202516,0
210141,0
361749,0
105530,0
116283,0
43737,0
364185,0
296381,0
211132,0
333704,0
29737,0
89523,0
276208,0
181086,0
73298,0
263813,0
280172,0
319178,0
195036,0
225649,0
170202,0
30229,0
287785,0
235890,0
381337,0
135739,0
320714,0
220132,0
301830,0
197541,0
299890,0
113528,0
311779,0
255124,0
291449,0
39279,0
197311,0
353876,0
356524,0
168461,0
201509,0
299685,0
108753,0
84737,0
15819,0
390316,0
27977,0
396647,0
120532,0
313164,0
12132,0
67138,0
252806,0
32845,0
294523,0
378284,0
125635,0
114011,0
156504,0
199895,0
382025,0
258827,0
182225,0
31409,0
38759,0
5137,0
119227,0
287687,0
84256,0
363818,0
228284,0
166364,0
161355,0
3375,0
348097,0
83287,0
236696,0
374045,0
390369,0
257596,0
246472,0
321392,0
141209,0
85811,0
367735,0
163488,0
218709,0
106675,0
123596,0
176825,0
3469,0
360130,0
376629,0
330313,0
161853,0
99375,0
286188,0
110989,0
86863,0
65806,0
131010,0
165978,0
66626,0
159515,0
201013,0
42987,0
264268,0
261645,0
257257,0
271869,0
196264,0
400724,0
277912,0
332727,0
257544,0
71665,0
43491,0
171783,0
11902,0
369143,0
47606,0
240786,0
378485,0
304300,0
77229,0
406270,0
20233,0
125618,0
68744,0
325110,0
233487,0
311682,0
327918,0
222725,0
23257,0
380807,0
356148,0
194807,0
201794,0
90574,0
402604,0
146592,0
388857,0
263246,0
65913,0
101601,0
48956,0
61974,0
131276,0
287738,0
389068,0
315080,0
338950,0
21910,0
112017,0
350460,0
356599,0
406802,0
300588,0
389560,0
370791,0
13829,0
94952,0
218136,0
53227,0
68571,0
264665,0
238106,0
93885,0
117518,0
399421,0
222922,0
370772,0
92474,0
54625,0
2406,0
145991,0
326879,0
285377,0
85129,0
212507,0
33215,0
281878,0
322565,0
334259,0
329028,0
141238,0
174624,0
136805,0
138443,0
364016,0
299934,0
124280,0
288278,0
211064,0
300814,0
115278,0
155063,0
34623,0
92453,0
127552,0
244882,0
190729,0
350007,0
411044,0
179859,0
342237,0
141502,0
287891,0
54109,0
397209,0
35774,0
192616,0
315216,0
56909,0
127444,0
26295,0
97858,0
306493,0
340824,0
115336,0
261571,0
119807,0
305934,0
142561,0
330537,0
230814,0
134073,0
223573,0
173754,0
121261,0
183761,0
53307,0
287221,0
49493,0
392329,0
105818,0
195730,0
391898,0
388085,0
323644,0
11491,0
305015,0
61319,0
10645,0
93955,0
360793,0
114877,0
124047,0
407451,0
103375,0
16427,0
296073,0
144168,0
146272,0
182297,0
356220,0
260477,0
203227,0
282659,0
170344,0
159683,0
266933,0
219701,0
410345,0
390191,0
194430,0
133863,0
350348,0
293399,0
210487,0
225697,0
389681,0
112351,0
389646,0
365320,0
100001,0
215549,0
83131,0
183107,0
197373,0
347521,0
15668,0
76907,0
96107,0
320871,0
255772,0
121391,0
127624,0
175063,0
185840,0
103987,0
134687,0
235825,0
248929,0
78050,0
274754,0
256374,0
293146,0
241722,0
45578,0
125712,0
178673,0
103228,0
15253,0
101917,0
91824,0
119018,0
50638,0
357798,0
61863,0
201033,0
72669,0
73052,0
86578,0
274183,0
155847,0
94984,0
201743,0
406490,0
400082,0
137790,0
29404,0
269219,0
20360,0
383614,0
76563,0
74159,0
402983,0
377510,0
369741,0
145940,0
326435,0
404746,0
130799,0
321677,0
408257,0
270402,0
213420,0
312891,0
171684,0
251296,0
282737,0
7868,0
360789,0
194635,0
42089,0
231968,0
73071,0
407812,0
134108,0
371821,0
31453,0
270165,0
25587,0
70672,0
43773,0
189793,0
298148,0
322743,0
101663,0
35954,0
347825,0
126088,0
361838,0
10182,0
83255,0
258895,0
19602,0
273305,0
395347,0
42632,0
249042,0
6150,0
72725,0
145307,0
38642,0
319015,0
187952,0
44328,0
43622,0
128419,0
44625,0
313174,0
167092,0
374738,0
354353,0
38462,0
383989,0
3202,0
135997,0
9132,0
242600,0
180695,0
187896,0
193789,0
367042,0
286689,0
71003,0
347380,0
104408,0
188448,0
201753,0
231628,0
356437,0
399679,0
326910,0
88015,0
211834,0
270640,0
319566,0
165836,0
396815,0
39991,0
118308,0
272724,0
221869,0
100242,0
366099,0
151616,0
6826,0
149987,0
271188,0
398924,0
342998,0
344744,0
81232,0
267742,0
38968,0
122409,0
112721,0
93373,0
158135,0
86244,0
357888,0
383639,0
117786,0
279532,0
20317,0
128267,0
271037,0
1300,0
153986,0
173868,0
115036,0
30488,0
186241,0
130986,0
134514,0
5750,0
305565,0
393654,0
311256,0
385406,0
29369,0
259061,0
171319,0
60386,0
325851,0
40021,0
252073,0
225866,0
31568,0
177026,0
207752,0
325785,0
139414,0
220279,0
177864,0
343472,0
37848,0
244697,0
335216,0
154516,0
393205,0
132356,0
404068,0
26996,0
73364,0
169285,0
59504,0
257455,0
16852,0
81690,0
389245,0
354055,0
129198,0
16472,0
225880,0
225831,0
235919,0
358002,0
231245,0
358268,0
97784,0
311548,0
150899,0
299272,0
389457,0
164556,0
388809,0
267582,0
128546,0
27084,0
348040,0
390076,0
185871,0
386576,0
337507,0
67148,0
237213,0
98782,0
326663,0
23127,0
72874,0
401437,0
331551,0
76127,0
291718,0
398581,0
369945,0
187343,0
37073,0
59657,0
289022,0
223508,0
73571,0
228829,0
145841,0
66395,0
110721,0
216076,0
257966,0
284606,0
58682,0
59465,0
215591,0
272643,0
138017,0
404932,0
65747,0
373826,0
323602,0
348161,0
274528,0
328393,0
350126,0
81147,0
203912,0
33075,0
243973,0
103524,0
120742,0
143205,0
119125,0
252657,0
296037,0
407274,0
334292,0
320029,0
106713,0
318821,0
19075,0
100819,0
351475,0
115148,0
125905,0
158367,0
283746,0
375877,0
391624,0
367863,0
270074,0
287408,0
124432,0
319534,0
201067,0
149414,0
377796,0
365847,0
102596,0
168459,0
327078,0
241658,0
57496,0
395162,0
106044,0
384659,0
105010,0
191039,0
176498,0
394367,0
48731,0
203640,0
289839,0
407140,0
4805,0
207799,0
399326,0
72210,0
54836,0
36606,0
93030,0
298427,0
231588,0
366072,0
307900,0
109077,0
89733,0
307659,0
261166,0
385977,0
137725,0
387785,0
257189,0
329063,0
176841,0
329805,0
292290,0
77936,0
242522,0
62758,0
124861,0
211912,0
36078,0
248548,0
271354,0
283951,0
66260,0
239295,0
107858,0
68617,0
272182,0
72024,0
15501,0
188369,0
159284,0
210586,0
241138,0
188302,0
72769,0
342022,0
319272,0
327416,0
22699,0
281196,0
262079,0
57261,0
386867,0
404397,0
176411,0
100845,0
368173,0
14965,0
70187,0
237319,0
322120,0
45965,0
340006,0
384367,0
264118,0
310980,0
99007,0
216144,0
212556,0
241590,0
326396,0
409993,0
262119,0
67682,0
336520,0
195989,0
74342,0
14168,0
11613,0
313560,0
214661,0
255723,0
14513,0
174038,0
328453,0
384696,0
393975,0
120764,0
14894,0
90605,0
408722,0
171914,0
286463,0
173181,0
364254,0
76425,0
347823,0
230585,0
403423,0
230228,0
46543,0
132649,0
405415,0
209092,0
176965,0
146434,0
74102,0
286275,0
273749,0
125565,0
59193,0
381055,0
207330,0
292551,0
183185,0
326235,0
132909,0
343907,0
85819,0
178231,0
114120,0
13474,0
76743,0
122885,0
223546,0
83556,0
242592,0
364366,0
77898,0
390143,0
121886,0
70128,0
98527,0
102372,0
114083,0
304381,0
114104,0
261542,0
295898,0
407788,0
400948,0
37246,0
367083,0
392877,0
199655,0
215720,0
259369,0
325181,0
409987,0
270714,0
176063,0
348248,0
67106,0
354231,0
109206,0
7122,0
37819,0
46440,0
82665,0
129916,0
348661,0
9081,0
64427,0
375447,0
226845,0
16414,0
161969,0
130943,0
403424,0
34087,0
345909,0
305160,0
390516,0
349282,0
286237,0
14433,0
236112,0
224223,0
5731,0
204101,0
175035,0
129823,0
185643,0
410565,0
290074,0
311344,0
222444,0
156970,0
152050,0
55335,0
174049,0
310515,0
125529,0
8130,0
289947,0
395564,0
140363,0
295777,0
317944,0
34196,0
67814,0
321466,0
202117,0
375573,0
54342,0
32174,0
2098,0
198695,0
408124,0
121464,0
347133,0
170579,0
246746,0
269078,0
78872,0
126243,0
377786,0
384666,0
16934,0
206648,0
215548,0
398792,0
376978,0
121300,0
393801,0
23586,0
324988,0
191497,0
117800,0
178129,0
235892,0
293846,0
10203,0
49361,0
115985,0
265195,0
270762,0
366017,0
264310,0
5696,0
338341,0
229165,0
378355,0
71386,0
222256,0
24017,0
113557,0
329297,0
386005,0
68906,0
363534,0
215491,0
348729,0
361916,0
2788,0
9727,0
180297,0
138500,0
294525,0
408506,0
363877,0
258130,0
234193,0
399217,0
120359,0
385004,0
161048,0
177288,0
55648,0
352168,0
343448,0
170026,0
92089,0
152976,0
338338,0
404001,0
362496,0
63967,0
383295,0
162105,0
106455,0
379181,0
226759,0
78650,0
227033,0
379061,0
12416,0
76756,0
281058,0
379177,0
403416,0
123386,0
15862,0
405970,0
39969,0
278856,0
159086,0
94002,0
135521,0
24759,0
215357,0
114296,0
396104,0
30595,0
289881,0
383542,0
338046,0
276746,0
44733,0
119714,0
158605,0
277813,0
47109,0
189969,0
169053,0
160126,0
101904,0
244248,0
264693,0
172701,0
29342,0
33200,0
39439,0
363782,0
73678,0
304721,0
81448,0
81293,0
3815,0
88244,0
335442,0
107658,0
233013,0
217474,0
65224,0
398763,0
98926,0
284875,0
15616,0
346912,0
143011,0
110579,0
224518,0
290460,0
90630,0
94974,0
178669,0
173019,0
190044,0
129181,0
83723,0
358746,0
214846,0
52810,0
129710,0
48538,0
138535,0
24987,0
207903,0
231962,0
171779,0
267880,0
319105,0
364195,0
52942,0
129489,0
378816,0
46446,0
243498,0
181219,0
161253,0
54739,0
177685,0
138699,0
236559,0
354690,0
346743,0
364452,0
44049,0
303427,0
409678,0
377022,0
182522,0
202490,0
45928,0
1465,0
202948,0
171932,0
345593,0
230133,0
83134,0
13828,0
17618,0
210701,0
117276,0
201850,0
232261,0
24123,0
347663,0
357084,0
73662,0
306605,0
30291,0
79536,0
147740,0
35384,0
368935,0
61643,0
298820,0
173479,0
51746,0
171869,0
368919,0
209462,0
2182,0
279706,0
306890,0
17619,0
372682,0
88317,0
65436,0
202543,0
332830,0
344624,0
304378,0
375382,0
361468,0
408913,0
48049,0
144786,0
310193,0
222072,0
229469,0
196604,0
532,0
167574,0
19365,0
41050,0
215828,0
99599,0
409477,0
285251,0
261170,0
340327,0
68548,0
286335,0
248169,0
268069,0
282057,0
237305,0
107736,0
357105,0
23978,0
333861,0
316619,0
46559,0
393990,0
368407,0
250686,0
151935,0
399056,0
324300,0
217323,0
411058,0
120122,0
219958,0
1319,0
236686,0
271182,0
365390,0
342121,0
169247,0
296271,0
122453,0
36388,0
225217,0
322110,0
301893,0
186907,0
171022,0
7833,0
282958,0
213917,0
117919,0
341324,0
353979,0
203776,0
351695,0
384527,0
179296,0
132177,0
33671,0
410040,0
37099,0
68680,0
369508,0
343256,0
178186,0
295603,0
225484,0
168161,0
195483,0
322411,0
96748,0
220795,0
103856,0
140452,0
318783,0
355652,0
344172,0
222971,0
102809,0
258144,0
141372,0
267552,0
19158,0
83405,0
123848,0
257827,0
21480,0
379372,0
59378,0
212987,0
379907,0
16359,0
366366,0
395893,0
396002,0
317462,0
35855,0
332266,0
197924,0
182524,0
152960,0
94248,0
157892,0
297218,0
1921,0
215467,0
120491,0
12525,0
178560,0
390403,0
345404,0
377884,0
390970,0
236441,0
265909,0
192675,0
326104,0
409615,0
408226,0
30661,0
297222,0
61490,0
78726,0
150341,0
339866,0
76876,0
69907,0
39883,0
100429,0
41964,0
3059,0
122693,0
107993,0
167881,0
52937,0
80687,0
10985,0
375553,0
82570,0
321106,0
240864,0
348000,0
138689,0
170806,0
186162,0
8975,0
144146,0
363816,0
375527,0
291876,0
180258,0
62712,0
162323,0
175048,0
88040,0
41972,0
289653,0
222711,0
12193,0
386877,0
159548,0
399507,0
217472,0
159797,0
235852,0
384478,0
192369,0
204453,0
261197,0
390787,0
385764,0
342617,0
80702,0
288019,0
204694,0
232554,0
242409,0
273240,0
294330,0
145714,0
253349,0
265402,0
236180,0
221077,0
73114,0
405293,0
65142,0
313210,0
394249,0
14035,0
395708,0
357382,0
103097,0
10236,0
270042,0
299708,0
394448,0
299700,0
98844,0
272085,0
405746,0
411997,0
118925,0
261601,0
130840,0
270143,0
130165,0
238732,0
197062,0
173791,0
73569,0
138865,0
225654,0
330246,0
248143,0
291509,0
275634,0
239080,0
124051,0
20212,0
406491,0
410243,0
166963,0
165871,0
402766,0
12702,0
324929,0
61997,0
114222,0
146266,0
14619,0
36110,0
409904,0
401764,0
202410,0
305120,0
394282,0
259603,0
42585,0
165029,0
234448,0
289766,0
228082,0
149381,0
314844,0
154220,0
51194,0
114553,0
311515,0
258076,0
354811,0
128442,0
252462,0
253879,0
146591,0
126530,0
305146,0
65593,0
168800,0
338638,0
163386,0
241496,0
48295,0
73500,0
153749,0
41669,0
55104,0
304794,0
138105,0
108985,0
338178,0
129102,0
225443,0
289744,0
25794,0
23700,0
105012,0
133046,0
190382,0
395768,0
365089,0
331649,0
21404,0
317788,0
60071,0
135751,0
307361,0
199594,0
370684,0
394322,0
154714,0
320787,0
109675,0
270879,0
232491,0
400753,0
408129,0
217903,0
46558,0
354807,0
319729,0
283095,0
94289,0
160165,0
278030,0
287226,0
156650,0
76293,0
358056,0
95134,0
91893,0
214116,0
252568,0
204324,0
2289,0
235384,0
13115,0
306635,0
184755,0
6606,0
235517,0
244149,0
134140,0
107342,0
315236,0
102387,0
356863,0
154164,0
362644,0
384772,0
272898,0
